2186 4716
-32.7901737 26.8329216
-32.7918011 26.8359143
-32.7918738 26.8363380
-32.7918412 26.8368476
-32.7915686 26.8372239
-32.7881440 26.8399481
-32.7878390 26.8405373
-32.7877030 26.8418017
-32.7877182 26.8433118
-32.7885390 26.8456218
-32.7904618 26.8520625
-32.7949619 26.8683586
-32.7956556 26.8707776
-32.7960704 26.8719712
-32.7969065 26.8738745
-32.7986204 26.8768582
-32.7917239 26.8370695
-32.7918851 26.8364159
-32.7890080 26.8466287
-32.7878264 26.8441634
-32.7880412 26.8446851
-32.7879239 26.8402568
-32.7926410 26.8599522
-32.7915565 26.8560818
-32.7963523 26.8727034
-32.7729993 26.8599354
-32.7735050 26.8599965
-32.7761030 26.8602687
-32.7770130 26.8604323
-32.7772272 26.8604284
-32.7776028 26.8603774
-32.7782590 26.8602526
-32.7789603 26.8600179
-32.7791475 26.8598717
-32.7793854 26.8597082
-32.7797327 26.8594989
-32.7799289 26.8594144
-32.7801059 26.8603988
-32.7802446 26.8593044
-32.7806336 26.8590913
-32.7804994 26.8597577
-32.7806167 26.8595848
-32.7809888 26.8588686
-32.7809076 26.8592615
-32.7812317 26.8590114
-32.7815526 26.8583308
-32.7817290 26.8584857
-32.7818401 26.8582021
-32.7817893 26.8580653
-32.7819426 26.8579056
-32.7822187 26.8573903
-32.7823529 26.8571532
-32.7831998 26.8555225
-32.7861636 26.8486559
-32.7863783 26.8482006
-32.7866263 26.8478152
-32.7867276 26.8476875
-32.7886511 26.8458625
-32.7823136 26.8575999
-32.7825692 26.8579448
-32.7826139 26.8580463
-32.7826826 26.8581307
-32.7827505 26.8628353
-32.7827421 26.8630817
-32.7828200 26.8624053
-32.7827962 26.8631856
-32.7827778 26.8581841
-32.7828675 26.8582316
-32.7830036 26.8620349
-32.7831082 26.8582624
-32.7829946 26.8633586
-32.7830352 26.8643484
-32.7831265 26.8638749
-32.7831559 26.8639916
-32.7831096 26.8643779
-32.7831739 26.8637770
-32.7832912 26.8640708
-32.7832418 26.8582841
-32.7832181 26.8644177
-32.7832291 26.8633720
-32.7832528 26.8636617
-32.7832709 26.8634458
-32.7832983 26.8617405
-32.7832900 26.8635289
-32.7834671 26.8641431
-32.7834489 26.8583502
-32.7835020 26.8644999
-32.7835870 26.8584215
-32.7835618 26.8613148
-32.7835746 26.8642477
-32.7835911 26.8594091
-32.7835426 26.8644784
-32.7836023 26.8595016
-32.7835764 26.8643256
-32.7835697 26.8643872
-32.7836576 26.8592320
-32.7836948 26.8611377
-32.7837298 26.8585608
-32.7837591 26.8590496
-32.7837399 26.8597645
-32.7838042 26.8587157
-32.7838256 26.8588230
-32.7839102 26.8609487
-32.7840074 26.8607945
-32.7839913 26.8600488
-32.7840409 26.8605946
-32.7840725 26.8601561
-32.7720902 26.8449865
-32.7877788 26.8392605
-32.7789119 26.8340092
-32.7796250 26.8321182
-32.7626251 26.8504706
-32.7911923 26.8347300
-32.7899137 26.8343408
-32.7871190 26.8366050
-32.7746070 26.8428784
-32.7698177 26.8494299
-32.7879894 26.8401253
-32.7814144 26.8336676
-32.7757120 26.8411301
-32.7887566 26.8381906
-32.7713896 26.8458599
-32.7855055 26.8338650
-32.7693455 26.8498382
-32.7689358 26.8499154
-32.7881703 26.8371899
-32.7917346 26.8357238
-32.7857094 26.8356480
-32.7755479 26.8414562
-32.7662812 26.8499315
-32.7883788 26.8355823
-32.7858630 26.8376147
-32.7789367 26.8336022
-32.7891706 26.8349425
-32.7877954 26.8397834
-32.7875723 26.8362481
-32.7865419 26.8370634
-32.7887555 26.8394617
-32.7830555 26.8336009
-32.7878680 26.8400137
-32.7758578 26.8406758
-32.7856649 26.8341307
-32.7715985 26.8455489
-32.7718134 26.8452775
-32.7702137 26.8485306
-32.7694184 26.8498027
-32.7877626 26.8389110
-32.7788298 26.8343400
-32.7866324 26.8357768
-32.7876835 26.8375516
-32.7892583 26.8390617
-32.7615075 26.8507254
-32.7654940 26.8499744
-32.7854243 26.8338140
-32.7882586 26.8385675
-32.7906332 26.8337604
-32.7908496 26.8377958
-32.7649008 26.8500281
-32.7877131 26.8424026
-32.7877616 26.8409555
-32.7758550 26.8415777
-32.7769104 26.8452765
-32.7770136 26.8461918
-32.7772690 26.8459766
-32.7774392 26.8462636
-32.7872368 26.8520752
-32.7869138 26.8389110
-32.7870852 26.8388003
-32.7870062 26.8388553
-32.7871009 26.8399537
-32.7872735 26.8399262
-32.7872287 26.8382436
-32.7872922 26.8381959
-32.7873545 26.8386462
-32.7874349 26.8385979
-32.7875214 26.8398866
-32.7875253 26.8387533
-32.7876506 26.8379253
-32.7876680 26.8386260
-32.7877349 26.8378822
-32.7877199 26.8434714
-32.7876311 26.8434972
-32.7875135 26.8435237
-32.7874347 26.8435290
-32.7872599 26.8434995
-32.7832816 26.8425493
-32.7841503 26.8412948
-32.7837974 26.8412961
-32.7836890 26.8413429
-32.7835409 26.8416924
-32.7833977 26.8419405
-32.7832596 26.8426989
-32.7832494 26.8428276
-32.7832494 26.8429323
-32.7832969 26.8437820
-32.7833175 26.8439574
-32.7833408 26.8441324
-32.7833667 26.8443069
-32.7834107 26.8445362
-32.7834349 26.8446449
-32.7834592 26.8447535
-32.7835076 26.8449667
-32.7835460 26.8451075
-32.7835945 26.8452658
-32.7836689 26.8455072
-32.7837399 26.8457150
-32.7838276 26.8459465
-32.7839046 26.8461376
-32.7839467 26.8462293
-32.7840386 26.8464044
-32.7840917 26.8464839
-32.7841701 26.8465723
-32.7844040 26.8468120
-32.7848774 26.8473085
-32.7852162 26.8476597
-32.7853280 26.8477744
-32.7854635 26.8478999
-32.7856030 26.8480191
-32.7857189 26.8481111
-32.7858372 26.8481987
-32.7859576 26.8482819
-32.7861730 26.8484177
-32.7862434 26.8484757
-32.7881047 26.8463536
-32.7878287 26.8459297
-32.7877755 26.8458274
-32.7877294 26.8457204
-32.7876593 26.8454920
-32.7876364 26.8454123
-32.7876097 26.8453342
-32.7875795 26.8452580
-32.7875457 26.8451840
-32.7875018 26.8451005
-32.7874534 26.8450206
-32.7874008 26.8449446
-32.7873367 26.8448706
-32.7863988 26.8437863
-32.7862592 26.8436249
-32.7862102 26.8435470
-32.7861883 26.8434532
-32.7862154 26.8432500
-32.7854820 26.8430749
-32.7845258 26.8469435
-32.7843183 26.8472131
-32.7842822 26.8472587
-32.7842672 26.8472804
-32.7841595 26.8473889
-32.7840567 26.8474679
-32.7839440 26.8475336
-32.7838211 26.8475832
-32.7836790 26.8476368
-32.7834975 26.8477052
-32.7822279 26.8481679
-32.7820216 26.8482497
-32.7819613 26.8482746
-32.7819069 26.8483106
-32.7818563 26.8483537
-32.7874464 26.8469790
-32.7880620 26.8479835
-32.7873297 26.8499824
-32.7869780 26.8509860
-32.7869916 26.8511868
-32.7868245 26.8516490
-32.7867254 26.8516200
-32.7870112 26.8507849
-32.7876996 26.8510936
-32.7868978 26.8515246
-32.7887221 26.8480727
-32.7888631 26.8481075
-32.7891517 26.8482578
-32.7890413 26.8488090
-32.7887075 26.8494326
-32.7885936 26.8496391
-32.7881886 26.8502188
-32.7880135 26.8504693
-32.7879031 26.8506382
-32.7875372 26.8515086
-32.7871657 26.8521591
-32.7870581 26.8522543
-32.7869734 26.8523388
-32.7867086 26.8524877
-32.7868675 26.8524192
-32.7869757 26.8526184
-32.7870565 26.8528274
-32.7870248 26.8532622
-32.7869284 26.8539762
-32.7868870 26.8542594
-32.7868641 26.8543893
-32.7868613 26.8544798
-32.7868625 26.8545388
-32.7865846 26.8546267
-32.7864932 26.8546924
-32.7864109 26.8548011
-32.7855003 26.8473936
-32.7851828 26.8476823
-32.7847384 26.8482537
-32.7860602 26.8489108
-32.7848998 26.8480466
-32.7884087 26.8376122
-32.7837849 26.8458296
-32.7840917 26.8456761
-32.7844155 26.8453715
-32.7869721 26.8444508
-32.7810891 26.8466404
-32.7788701 26.8471138
-32.7783109 26.8473002
-32.7780405 26.8474026
-32.7770579 26.8476353
-32.7760134 26.8478780
-32.7732190 26.8489682
-32.7730299 26.8489329
-32.7728630 26.8488257
-32.7727262 26.8486455
-32.7721057 26.8463051
-32.7720390 26.8461772
-32.7718237 26.8458630
-32.7714572 26.8457499
-32.7765248 26.8497920
-32.7765406 26.8499033
-32.7765349 26.8500522
-32.7760737 26.8524742
-32.7760527 26.8527899
-32.7760811 26.8528798
-32.7767807 26.8552496
-32.7760467 26.8526195
-32.7749505 26.8530445
-32.7729369 26.8537541
-32.7724019 26.8537474
-32.7763430 26.8490325
-32.7735838 26.8500734
-32.7734787 26.8500852
-32.7734149 26.8499856
-32.7733517 26.8497878
-32.7733548 26.8496344
-32.7734074 26.8495110
-32.7761802 26.8484713
-32.7764957 26.8495997
-32.7737892 26.8506015
-32.7736674 26.8508126
-32.7736640 26.8509024
-32.7737092 26.8511184
-32.7737749 26.8512034
-32.7738512 26.8512129
-32.7739475 26.8511860
-32.7751341 26.8507242
-32.7759806 26.8503985
-32.7764467 26.8505179
-32.7763372 26.8510720
-32.7760502 26.8510292
-32.7758964 26.8510314
-32.7751369 26.8513209
-32.7750448 26.8514194
-32.7750645 26.8515569
-32.7754105 26.8528596
-32.7780504 26.8478125
-32.7780842 26.8504035
-32.7781011 26.8539990
-32.7780904 26.8542109
-32.7780605 26.8543504
-32.7778519 26.8546441
-32.7777453 26.8547381
-32.7768206 26.8550804
-32.7746117 26.8517314
-32.7745063 26.8513768
-32.7745528 26.8515332
-32.7741232 26.8516945
-32.7741319 26.8519162
-32.7744687 26.8532134
-32.7691166 26.8499054
-32.7695010 26.8497529
-32.7762699 26.8514228
-32.7774517 26.8516333
-32.7778192 26.8517479
-32.7780293 26.8517558
-32.7776061 26.8516843
-32.7775971 26.8519351
-32.7775915 26.8520223
-32.7775573 26.8521135
-32.7769318 26.8530750
-32.7766127 26.8535471
-32.7765018 26.8536504
-32.7763506 26.8537018
-32.7767300 26.8515220
-32.7766826 26.8520839
-32.7765101 26.8527196
-32.7764238 26.8529408
-32.7763737 26.8530348
-32.7763049 26.8530965
-32.7761696 26.8531810
-32.7774993 26.8521995
-32.7765643 26.8525677
-32.7771277 26.8527309
-32.7767164 26.8533974
-32.7780072 26.8544263
-32.7775838 26.8541026
-32.7766669 26.8546629
-32.7771393 26.8537479
-32.7764976 26.8541093
-32.7755286 26.8528275
-32.7757603 26.8537576
-32.7758634 26.8544295
-32.7758629 26.8545100
-32.7758528 26.8545529
-32.7758193 26.8545950
-32.7754256 26.8545795
-32.7752152 26.8545878
-32.7745494 26.8547192
-32.7741391 26.8533419
-32.7742933 26.8538864
-32.7744297 26.8538663
-32.7756689 26.8533902
-32.7751570 26.8536115
-32.7753803 26.8544416
-32.7749657 26.8546428
-32.7747283 26.8537818
-32.7758076 26.8539481
-32.7740159 26.8533867
-32.7734633 26.8514147
-32.7734115 26.8513611
-32.7733427 26.8513504
-32.7732649 26.8513718
-32.7732119 26.8513960
-32.7731521 26.8514523
-32.7731059 26.8524501
-32.7731171 26.8525842
-32.7731532 26.8527773
-32.7733472 26.8536425
-32.7731871 26.8529503
-32.7730484 26.8530080
-32.7729559 26.8530281
-32.7728533 26.8530321
-32.7723977 26.8530388
-32.7739157 26.8487176
-32.7738316 26.8482968
-32.7737927 26.8482012
-32.7732252 26.8483303
-32.7731291 26.8482994
-32.7730711 26.8480831
-32.7729832 26.8480388
-32.7725483 26.8480171
-32.7725759 26.8481465
-32.7716148 26.8493669
-32.7724341 26.8475822
-32.7722901 26.8470207
-32.7721289 26.8463898
-32.7709374 26.8469017
-32.7934584 26.8629093
-32.7938631 26.8643819
-32.7958179 26.8713060
-32.7953963 26.8699354
-32.7965687 26.8732131
-32.7891855 26.8474102
-32.7887470 26.8460034
-32.7879694 26.8445368
-32.7879047 26.8443840
-32.7877941 26.8440373
-32.7877464 26.8437799
-32.7877075 26.8413592
-32.7917697 26.8370008
-32.7857484 26.8377294
-32.7813157 26.8585655
-32.7788047 26.8601064
-32.7785566 26.8602057
-32.7755032 26.8601990
-32.7749338 26.8601359
-32.7740192 26.8434674
-32.7743739 26.8431249
-32.7752190 26.8419841
-32.7788024 26.8344203
-32.7780752 26.8511264
-32.7780977 26.8530831
-32.7780718 26.8522623
-32.7732592 26.8533285
-32.7731318 26.8515368
-32.7744297 26.8530509
-32.7718000 26.8494908
-32.7720492 26.8495314
-32.7731972 26.8513034
-32.7732198 26.8511519
-32.7732130 26.8508850
-32.7732519 26.8505488
-32.7733659 26.8502322
-32.7736793 26.8506715
-32.7733303 26.8505882
-32.7731658 26.8504834
-32.7729048 26.8503071
-32.7726277 26.8500172
-32.7724857 26.8498235
-32.7723602 26.8497019
-32.7719103 26.8495165
-32.7701183 26.8487349
-32.7749129 26.8544289
-32.7748362 26.8541486
-32.7748767 26.8489868
-32.7736488 26.8481525
-32.7730900 26.8481888
-32.7746636 26.8484272
-32.7766526 26.8444173
-32.7773843 26.8458852
-32.7781564 26.8473539
-32.7774607 26.8458518
-32.7771490 26.8454457
-32.7769771 26.8451354
-32.7768200 26.8443884
-32.7768328 26.8442071
-32.7769487 26.8436229
-32.7769149 26.8430623
-32.7768585 26.8424267
-32.7767751 26.8411499
-32.7766556 26.8397686
-32.7765587 26.8392073
-32.7767683 26.8448903
-32.7768597 26.8451665
-32.7866578 26.8546119
-32.7867334 26.8546012
-32.7868010 26.8545864
-32.7869436 26.8538059
-32.7870609 26.8530147
-32.7870384 26.8527532
-32.7892002 26.8484415
-32.7892123 26.8483837
-32.7892028 26.8483246
-32.7878968 26.8400475
-32.7866009 26.8403808
-32.7867003 26.8403331
-32.7865742 26.8399080
-32.7868912 26.8409179
-32.7869306 26.8409809
-32.7869904 26.8410171
-32.7871189 26.8410305
-32.7873208 26.8410480
-32.7874256 26.8410305
-32.7874662 26.8410051
-32.7874809 26.8409635
-32.7874989 26.8409032
-32.7874921 26.8407878
-32.7874718 26.8406188
-32.7874014 26.8402863
-32.7874027 26.8400219
-32.7872337 26.8401407
-32.7871978 26.8401468
-32.7871613 26.8400965
-32.7871324 26.8400415
-32.7869600 26.8394105
-32.7868844 26.8391745
-32.7868641 26.8390806
-32.7868371 26.8389773
-32.7875462 26.8379648
-32.7874560 26.8384610
-32.7876788 26.8384001
-32.7876736 26.8384496
-32.7876753 26.8385643
-32.7880096 26.8478286
-32.7880353 26.8478759
-32.7880530 26.8479282
-32.7831818 26.8470401
-32.7831322 26.8469723
-32.7830397 26.8469046
-32.7830104 26.8468443
-32.7830228 26.8467718
-32.7830848 26.8466458
-32.7831694 26.8465398
-32.7832472 26.8463735
-32.7833148 26.8461268
-32.7833069 26.8459430
-32.7832393 26.8456453
-32.7831987 26.8454012
-32.7832224 26.8451692
-32.7832551 26.8450418
-32.7833205 26.8449385
-32.7834838 26.8448623
-32.7822336 26.8499060
-32.7820712 26.8498007
-32.7818463 26.8496284
-32.7817719 26.8495244
-32.7816529 26.8489438
-32.7816767 26.8486626
-32.7818100 26.8484033
-32.7806788 26.8330771
-32.7861551 26.8349647
-32.7816755 26.8340193
-32.7815954 26.8339281
-32.7815615 26.8338395
-32.7812154 26.8335875
-32.7813157 26.8336564
-32.7813812 26.8336690
-32.7815554 26.8336619
-32.7853719 26.8338020
-32.7876962 26.8363503
-32.7881238 26.8357974
-32.7887360 26.8381548
-32.7891719 26.8389120
-32.7837421 26.8336494
-32.7838296 26.8458072
-32.7829090 26.8419732
-32.7827421 26.8419506
-32.7826631 26.8419506
-32.7826180 26.8419814
-32.7825594 26.8420739
-32.7825030 26.8424937
-32.7825121 26.8425407
-32.7825323 26.8425594
-32.7825774 26.8425634
-32.7826248 26.8425541
-32.7827285 26.8424790
-32.7827894 26.8424387
-32.7828537 26.8424387
-32.7830544 26.8425272
-32.7829867 26.8424964
-32.7829507 26.8424414
-32.7829473 26.8423784
-32.7829631 26.8422952
-32.7831333 26.8419479
-32.7830566 26.8420686
-32.7828616 26.8419130
-32.7828199 26.8418594
-32.7828030 26.8418044
-32.7828075 26.8417065
-32.7828841 26.8415335
-32.7833861 26.8436100
-32.7833104 26.8436034
-32.7832788 26.8436061
-32.7843680 26.8488022
-32.7842551 26.8489941
-32.7841345 26.8492180
-32.7840082 26.8493615
-32.7839135 26.8494165
-32.7835347 26.8495801
-32.7828514 26.8498282
-32.7826406 26.8498886
-32.7825944 26.8499207
-32.7825639 26.8499878
-32.7824348 26.8500193
-32.7808805 26.8510875
-32.7805073 26.8511787
-32.7804584 26.8511803
-32.7804352 26.8511706
-32.7803912 26.8511210
-32.7803157 26.8508917
-32.7802468 26.8505337
-32.7802491 26.8502131
-32.7802209 26.8499419
-32.7802469 26.8497102
-32.7803145 26.8495680
-32.7804701 26.8494138
-32.7806629 26.8492891
-32.7813766 26.8491375
-32.7814691 26.8490289
-32.7816598 26.8487393
-32.7884475 26.8408257
-32.7883321 26.8411043
-32.7882159 26.8412948
-32.7881438 26.8413457
-32.7881009 26.8413605
-32.7880592 26.8413444
-32.7880254 26.8413095
-32.7879995 26.8412425
-32.7879893 26.8411539
-32.7880051 26.8409581
-32.7880558 26.8407986
-32.7881712 26.8406583
-32.7895170 26.8415563
-32.7892746 26.8414517
-32.7891709 26.8413846
-32.7891337 26.8413243
-32.7891044 26.8412358
-32.7890796 26.8411365
-32.7890469 26.8410802
-32.7888248 26.8409930
-32.7886410 26.8409488
-32.7883963 26.8407932
-32.7878940 26.8403311
-32.7860637 26.8362364
-32.7910420 26.8401785
-32.7903095 26.8407194
-32.7902588 26.8407636
-32.7902171 26.8407623
-32.7901709 26.8407302
-32.7901055 26.8406551
-32.7899183 26.8404217
-32.7898101 26.8402903
-32.7896259 26.8400513
-32.7892830 26.8402630
-32.7891934 26.8402111
-32.7893163 26.8402675
-32.7893549 26.8402642
-32.7894268 26.8402313
-32.7905320 26.8393171
-32.7900298 26.8384479
-32.7897096 26.8399570
-32.7892201 26.8390921
-32.7869780 26.8415911
-32.7861645 26.8390028
-32.7818984 26.8336479
-32.7840060 26.8525493
-32.7840127 26.8526875
-32.7840929 26.8523052
-32.7840365 26.8521980
-32.7840905 26.8518909
-32.7841808 26.8514657
-32.7842214 26.8513182
-32.7842867 26.8511680
-32.7844739 26.8509802
-32.7845776 26.8508193
-32.7846441 26.8506301
-32.7846859 26.8505752
-32.7847457 26.8505270
-32.7851110 26.8505551
-32.7833820 26.8551605
-32.7833408 26.8550612
-32.7831175 26.8547890
-32.7830499 26.8547212
-32.7829788 26.8546213
-32.7853588 26.8505632
-32.7858171 26.8494825
-32.7857649 26.8493856
-32.7856578 26.8489994
-32.7854404 26.8486020
-32.7848334 26.8487038
-32.7848106 26.8485098
-32.7848686 26.8484951
-32.7849796 26.8484791
-32.7850625 26.8484137
-32.7849271 26.8505524
-32.7848854 26.8496498
-32.7848223 26.8486414
-32.7847934 26.8482797
-32.7824534 26.8500474
-32.7831874 26.8554421
-32.7831694 26.8553643
-32.7831062 26.8552677
-32.7829439 26.8551537
-32.7829010 26.8551108
-32.7828774 26.8550491
-32.7829360 26.8548600
-32.7829755 26.8547655
-32.7829969 26.8547179
-32.7829405 26.8545663
-32.7828300 26.8544698
-32.7826812 26.8542860
-32.7824878 26.8539943
-32.7824094 26.8538924
-32.7823587 26.8538200
-32.7823469 26.8537496
-32.7823604 26.8536671
-32.7825943 26.8534391
-32.7827110 26.8533566
-32.7827736 26.8532976
-32.7828019 26.8532446
-32.7828266 26.8530563
-32.7828480 26.8528041
-32.7828526 26.8526351
-32.7827353 26.8519995
-32.7825493 26.8511438
-32.7824681 26.8507080
-32.7824658 26.8505054
-32.7824771 26.8503741
-32.7824861 26.8501743
-32.7824782 26.8501004
-32.7827491 26.8498575
-32.7823982 26.8499717
-32.7823925 26.8498939
-32.7823937 26.8496860
-32.7823891 26.8493884
-32.7821490 26.8481934
-32.7842967 26.8489339
-32.7842935 26.8488586
-32.7842710 26.8487272
-32.7845896 26.8484820
-32.7844345 26.8484657
-32.7843465 26.8484549
-32.7842214 26.8484375
-32.7838087 26.8481559
-32.7833667 26.8477535
-32.7904697 26.8498135
-32.7903704 26.8497518
-32.7902171 26.8496016
-32.7901224 26.8494996
-32.7900458 26.8494675
-32.7899826 26.8494594
-32.7834964 26.8574350
-32.7834411 26.8574524
-32.7831333 26.8574296
-32.7827477 26.8574323
-32.7825549 26.8573880
-32.7823064 26.8572316
-32.7836012 26.8573424
-32.7837354 26.8571439
-32.7838662 26.8569200
-32.7841523 26.8562845
-32.7838412 26.8563111
-32.7840725 26.8562817
-32.7842732 26.8562749
-32.7844761 26.8561917
-32.7846622 26.8561502
-32.7849542 26.8560831
-32.7850060 26.8559852
-32.7850241 26.8558484
-32.7849867 26.8555254
-32.7860854 26.8577701
-32.7859892 26.8577072
-32.7858567 26.8576851
-32.7856820 26.8576918
-32.7856031 26.8576743
-32.7855433 26.8576308
-32.7854700 26.8575456
-32.7853494 26.8573310
-32.7852338 26.8571238
-32.7851391 26.8570159
-32.7850196 26.8567369
-32.7848787 26.8561220
-32.7847129 26.8556205
-32.7845897 26.8552399
-32.7833674 26.8566683
-32.7834896 26.8565901
-32.7835584 26.8565377
-32.7841768 26.8560422
-32.7843059 26.8559034
-32.7844141 26.8556433
-32.7845151 26.8553683
-32.7846690 26.8551485
-32.7833537 26.8567503
-32.7838625 26.8542088
-32.7843561 26.8547774
-32.7850150 26.8545355
-32.7860783 26.8550747
-32.7860005 26.8551323
-32.7855585 26.8552919
-32.7851706 26.8553375
-32.7850839 26.8553468
-32.7849259 26.8554533
-32.7862621 26.8584086
-32.7857834 26.8566417
-32.7856910 26.8564063
-32.7855292 26.8561689
-32.7838160 26.8541564
-32.7852316 26.8546977
-32.7852440 26.8546428
-32.7852755 26.8544771
-32.7853686 26.8543880
-32.7854723 26.8542465
-32.7856516 26.8541138
-32.7858133 26.8540204
-32.7853623 26.8553469
-32.7854255 26.8552034
-32.7855145 26.8550921
-32.7856002 26.8549995
-32.7856712 26.8548332
-32.7857096 26.8547004
-32.7857276 26.8545187
-32.7857316 26.8543370
-32.7857823 26.8541090
-32.7861452 26.8501889
-32.7863474 26.8496587
-32.7870608 26.8506619
-32.7870546 26.8503975
-32.7870421 26.8503525
-32.7869759 26.8502760
-32.7867943 26.8502352
-32.7865924 26.8502252
-32.7865163 26.8501970
-32.7858331 26.8540031
-32.7859047 26.8538951
-32.7859233 26.8538100
-32.7859633 26.8535451
-32.7859870 26.8534103
-32.7859920 26.8533285
-32.7860118 26.8532588
-32.7860372 26.8531461
-32.7861360 26.8529723
-32.7864470 26.8523535
-32.7864847 26.8522905
-32.7864977 26.8521215
-32.7865095 26.8519847
-32.7865152 26.8519036
-32.7865383 26.8518419
-32.7865642 26.8517949
-32.7865778 26.8517272
-32.7865670 26.8515488
-32.7865659 26.8513014
-32.7866325 26.8509460
-32.7866781 26.8507905
-32.7868500 26.8504646
-32.7869250 26.8503499
-32.7870840 26.8501796
-32.7871319 26.8501468
-32.7872826 26.8501014
-32.7875892 26.8493126
-32.7865227 26.8487675
-32.7861685 26.8529610
-32.7862564 26.8528805
-32.7862260 26.8529074
-32.7859644 26.8529436
-32.7865574 26.8486835
-32.7864541 26.8480693
-32.7868048 26.8505236
-32.7860037 26.8500970
-32.7865771 26.8504050
-32.7862711 26.8494276
-32.7862525 26.8493072
-32.7862097 26.8491222
-32.7856831 26.8509578
-32.7867885 26.8480968
-32.7868111 26.8479198
-32.7868346 26.8475667
-32.7850015 26.8534495
-32.7850091 26.8534828
-32.7850017 26.8535162
-32.7849812 26.8535406
-32.7849532 26.8535497
-32.7849252 26.8535409
-32.7849046 26.8535166
-32.7848969 26.8534833
-32.7849248 26.8534253
-32.7849529 26.8534163
-32.7849810 26.8534252
-32.7859408 26.8511794
-32.7859435 26.8511371
-32.7852856 26.8507361
-32.7771405 26.8470200
-32.7760061 26.8464339
-32.7760038 26.8463413
-32.7748730 26.8470532
-32.7747489 26.8469274
-32.7746541 26.8468134
-32.7745493 26.8466726
-32.7745188 26.8465479
-32.7745335 26.8464339
-32.7745651 26.8463199
-32.7746395 26.8462046
-32.7746982 26.8461357
-32.7748492 26.8469489
-32.7748582 26.8467397
-32.7748594 26.8466190
-32.7748470 26.8465130
-32.7748064 26.8464071
-32.7747083 26.8462327
-32.7747116 26.8460892
-32.7747245 26.8460306
-32.7738619 26.8453290
-32.7735408 26.8448662
-32.7750364 26.8439005
-32.7749166 26.8433483
-32.7750356 26.8431134
-32.7747770 26.8430006
-32.7752337 26.8423864
-32.7749213 26.8427083
-32.7749416 26.8428102
-32.7751166 26.8433389
-32.7751687 26.8434008
-32.7752790 26.8433888
-32.7754301 26.8434089
-32.7757007 26.8435746
-32.7758758 26.8436851
-32.7758821 26.8437678
-32.7758730 26.8438482
-32.7758392 26.8440253
-32.7757445 26.8446100
-32.7897575 26.8494951
-32.7912543 26.8498027
-32.7910131 26.8497652
-32.7908913 26.8498135
-32.7908462 26.8498859
-32.7908282 26.8500736
-32.7908440 26.8501917
-32.7908891 26.8503714
-32.7909454 26.8504974
-32.7909477 26.8505940
-32.7909026 26.8506315
-32.7907876 26.8506718
-32.7901204 26.8508179
-32.7910779 26.8464748
-32.7914042 26.8465170
-32.7911911 26.8464942
-32.7910299 26.8463869
-32.7909341 26.8462434
-32.7908992 26.8462045
-32.7908045 26.8459054
-32.7907413 26.8458572
-32.7906996 26.8458437
-32.7906556 26.8458531
-32.7906196 26.8458746
-32.7906404 26.8463767
-32.7906049 26.8459457
-32.7901461 26.8460007
-32.7901315 26.8458921
-32.7901123 26.8458425
-32.7900559 26.8458049
-32.7899714 26.8457888
-32.7899330 26.8457714
-32.7899060 26.8457325
-32.7899060 26.8456883
-32.7899071 26.8456547
-32.7899353 26.8456212
-32.7899781 26.8456038
-32.7902521 26.8455930
-32.7900965 26.8463279
-32.7897774 26.8463159
-32.7896692 26.8463306
-32.7895993 26.8463548
-32.7889152 26.8461764
-32.7888518 26.8459913
-32.7888045 26.8457848
-32.7884719 26.8451679
-32.7882155 26.8447950
-32.7893062 26.8452551
-32.7891009 26.8447763
-32.7890423 26.8446972
-32.7890153 26.8445214
-32.7889849 26.8443793
-32.7889523 26.8443137
-32.7889273 26.8442894
-32.7884132 26.8431119
-32.7886150 26.8433641
-32.7887774 26.8436537
-32.7888721 26.8441137
-32.7888710 26.8441929
-32.7888485 26.8442640
-32.7881328 26.8448540
-32.7871618 26.8584716
-32.7869476 26.8585065
-32.7868720 26.8584837
-32.7868111 26.8584516
-32.7867646 26.8584044
-32.7867602 26.8524693
-32.7869889 26.8512893
-32.7869120 26.8512022
-32.7868664 26.8511002
-32.7868410 26.8509682
-32.7868348 26.8508830
-32.7868376 26.8508052
-32.7868078 26.8507382
-32.7867057 26.8507290
-32.7850217 26.8559462
-32.7851239 26.8556881
-32.7851594 26.8556111
-32.7865936 26.8572700
-32.7866197 26.8573307
-32.7867649 26.8572606
-32.7868292 26.8571640
-32.7868698 26.8569857
-32.7868562 26.8567483
-32.7868968 26.8565283
-32.7869323 26.8563446
-32.7869927 26.8559530
-32.7870254 26.8557613
-32.7870236 26.8556184
-32.7869854 26.8554294
-32.7869566 26.8552865
-32.7869504 26.8551222
-32.7869701 26.8549264
-32.7869492 26.8548151
-32.7869070 26.8547206
-32.7868838 26.8546482
-32.7850004 26.8549901
-32.7851199 26.8550679
-32.7850974 26.8551872
-32.7850805 26.8552677
-32.7861556 26.8561362
-32.7872553 26.8578869
-32.7872261 26.8578172
-32.7871798 26.8577367
-32.7871144 26.8576724
-32.7872419 26.8575047
-32.7870163 26.8576415
-32.7869802 26.8576482
-32.7869069 26.8576522
-32.7868225 26.8576026
-32.7867435 26.8575114
-32.7873535 26.8594386
-32.7873117 26.8593045
-32.7872137 26.8589853
-32.7871539 26.8588834
-32.7871020 26.8588378
-32.7870344 26.8587842
-32.7869295 26.8587117
-32.7868439 26.8586192
-32.7868021 26.8585159
-32.7866263 26.8580170
-32.7865969 26.8578735
-32.7866003 26.8576590
-32.7865507 26.8571908
-32.7863624 26.8569200
-32.7862982 26.8567913
-32.7862159 26.8564520
-32.7657778 26.8499589
-32.7636468 26.8502694
-32.7699504 26.8491286
-32.7735039 26.8506449
-32.7732660 26.8495562
-32.7734014 26.8501458
-32.7726963 26.8490487
-32.7722480 26.8491607
-32.7723287 26.8553603
-32.7726616 26.8553790
-32.7732186 26.8554112
-32.7736065 26.8554059
-32.7739358 26.8553844
-32.7742628 26.8553576
-32.7751385 26.8552868
-32.7751401 26.8550330
-32.7751277 26.8548895
-32.7750781 26.8547943
-32.7746293 26.8551430
-32.7746642 26.8552382
-32.7747409 26.8552825
-32.7748650 26.8553120
-32.7749822 26.8553174
-32.7750815 26.8553013
-32.7752416 26.8552932
-32.7754851 26.8553026
-32.7758020 26.8553281
-32.7763466 26.8554166
-32.7765485 26.8553951
-32.7767052 26.8553267
-32.7760489 26.8553629
-32.7760232 26.8550325
-32.7781789 26.8551444
-32.7781428 26.8550692
-32.7781361 26.8550102
-32.7781496 26.8548574
-32.7781801 26.8546173
-32.7781722 26.8544778
-32.7781440 26.8543920
-32.7756836 26.8449801
-32.7756791 26.8451813
-32.7758076 26.8457043
-32.7759456 26.8460654
-32.7755411 26.8467740
-32.7759813 26.8476227
-32.7755830 26.8476859
-32.7753955 26.8477193
-32.7753563 26.8477089
-32.7753081 26.8476623
-32.7752664 26.8475604
-32.7752574 26.8474732
-32.7752382 26.8473941
-32.7751254 26.8472613
-32.7749518 26.8471594
-32.7748841 26.8471192
-32.7747826 26.8471111
-32.7746485 26.8470857
-32.7744094 26.8469663
-32.7743169 26.8469046
-32.7742504 26.8469073
-32.7741873 26.8469274
-32.7741230 26.8469569
-32.7740632 26.8469891
-32.7740226 26.8470360
-32.7739978 26.8470709
-32.7739719 26.8470991
-32.7739279 26.8470763
-32.7738772 26.8469891
-32.7738140 26.8468067
-32.7738276 26.8465251
-32.7738636 26.8463802
-32.7738930 26.8463024
-32.7739471 26.8462649
-32.7740260 26.8462193
-32.7742087 26.8461549
-32.7745447 26.8460745
-32.7748638 26.8459967
-32.7750638 26.8458641
-32.7752418 26.8459159
-32.7753209 26.8459901
-32.7754438 26.8462020
-32.7760782 26.8460209
-32.7762869 26.8459423
-32.7766115 26.8460144
-32.7767649 26.8461120
-32.7769364 26.8462059
-32.7737740 26.8446629
-32.7736945 26.8445054
-32.7736268 26.8442653
-32.7736032 26.8440561
-32.7736258 26.8437737
-32.7728842 26.8454197
-32.7723347 26.8472296
-32.7723379 26.8461856
-32.7721729 26.8462635
-32.7724589 26.8461427
-32.7725983 26.8461120
-32.7726672 26.8460637
-32.7726379 26.8458813
-32.7726244 26.8457781
-32.7726415 26.8456098
-32.7727438 26.8455060
-32.7731149 26.8452201
-32.7745666 26.8440147
-32.7747905 26.8448299
-32.7746886 26.8443873
-32.7744261 26.8436819
-32.7741779 26.8432986
-32.7727676 26.8385348
-32.7733638 26.8405408
-32.7737847 26.8416006
-32.7740565 26.8420954
-32.7743530 26.8426010
-32.7745428 26.8429577
-32.7776273 26.8369687
-32.7757674 26.8409514
-32.7756859 26.8407302
-32.7753148 26.8394587
-32.7723075 26.8377194
-32.7789310 26.8337730
-32.7765676 26.8558672
-32.7764968 26.8554006
-32.7774302 26.8492018
-32.7775261 26.8486521
-32.7773389 26.8485970
-32.7777538 26.8487191
-32.7780632 26.8487393
-32.7772137 26.8503258
-32.7776625 26.8504251
-32.7777527 26.8503982
-32.7778181 26.8503312
-32.7778632 26.8501810
-32.7779151 26.8499181
-32.7779579 26.8497438
-32.7780712 26.8495880
-32.7767815 26.8515287
-32.7774099 26.8513370
-32.7778452 26.8510553
-32.7779895 26.8509360
-32.7780799 26.8507495
-32.7772870 26.8441138
-32.7775621 26.8438509
-32.7776681 26.8436927
-32.7777020 26.8435854
-32.7776952 26.8435022
-32.7776185 26.8434191
-32.7774765 26.8394709
-32.7779974 26.8389183
-32.7783875 26.8383980
-32.7785544 26.8380252
-32.7786469 26.8376845
-32.7788137 26.8366116
-32.7788904 26.8353698
-32.7767040 26.8403285
-32.7741996 26.8429533
-32.7740398 26.8426352
-32.7744930 26.8428780
-32.7743454 26.8429440
-32.7740910 26.8429315
-32.7732383 26.8429387
-32.7719500 26.8431414
-32.7717950 26.8431494
-32.7716701 26.8431817
-32.7715306 26.8432635
-32.7713163 26.8433212
-32.7711099 26.8433306
-32.7707705 26.8432984
-32.7740925 26.8421598
-32.7739597 26.8429115
-32.7739345 26.8418837
-32.7735737 26.8411290
-32.7749326 26.8414611
-32.7755178 26.8410775
-32.7757270 26.8408627
-32.7754741 26.8408095
-32.7742458 26.8405773
-32.7745519 26.8417046
-32.7731437 26.8396684
-32.7715878 26.8376677
-32.7717324 26.8376819
-32.7721857 26.8376953
-32.7723504 26.8377436
-32.7724473 26.8378079
-32.7725759 26.8379876
-32.7658361 26.8499558
-32.7705145 26.8478474
-32.7706451 26.8475509
-32.7738913 26.8435765
-32.7733233 26.8440333
-32.7612913 26.8507745
-32.7629905 26.8504009
-32.7621671 26.8505436
-32.7672629 26.8499255
-32.7679863 26.8499212
-32.7646609 26.8500740
-32.7649617 26.8500226
-32.7834310 26.8644959
-32.7831412 26.8633412
-32.7829146 26.8633197
-32.7828796 26.8622535
-32.7840827 26.8603170
-32.7836835 26.8596679
-32.7838053 26.8589357
-32.7814973 26.8587385
-32.7723987 26.8377756
-32.7862892 26.8567543
-32.7868692 26.8590650
-32.7868224 26.8593152
-32.7867638 26.8593876
-32.7866888 26.8594285
-32.7865704 26.8594459
-32.7864977 26.8594406
-32.7863630 26.8593863
-32.7862052 26.8590919
-32.7861122 26.8587560
-32.7861065 26.8586875
-32.7861076 26.8585930
-32.7861392 26.8584690
-32.7866962 26.8582224
-32.7877476 26.8382804
-32.7877075 26.8383463
-32.7882035 26.8462607
-32.7882686 26.8461990
-32.7880965 26.8397652
-32.7879098 26.8393690
-32.7768120 26.8551816
-32.7769176 26.8550754
-32.7768061 26.8552114
-32.7880243 26.8408663
-32.7740548 26.8516483
-32.7738947 26.8514156
-32.7738515 26.8512934
-32.7741359 26.8516372
-32.7742395 26.8515163
-32.7746950 26.8513141
-32.7748536 26.8513365
-32.7762099 26.8517386
-32.7842640 26.8451936
-32.7916658 26.8355602
-32.7918829 26.8366789
-32.7859599 26.8383551
-32.7881653 26.8404414
-32.7850293 26.8445250
-32.7832754 26.8425809
-32.7844288 26.8470696
-32.7819500 26.8497129
-32.7807982 26.8492502
-32.7811162 26.8492207
-32.7813022 26.8491872
-32.7815559 26.8488868
-32.7817012 26.8485890
-32.7817329 26.8485193
-32.7786051 26.8472023
-32.7791937 26.8470427
-32.7802254 26.8468255
-32.7826229 26.8480309
-32.7823880 26.8477656
-32.7821749 26.8475510
-32.7821073 26.8473887
-32.7820408 26.8471876
-32.7819506 26.8468724
-32.7817600 26.8466015
-32.7816867 26.8465626
-32.7812943 26.8465693
-32.7780762 26.8497907
-32.7870327 26.8366693
-32.7871669 26.8365694
-32.7876522 26.8362723
-32.7892250 26.8390042
-32.7877357 26.8391148
-32.7876982 26.8416915
-32.7877004 26.8414700
-32.7877827 26.8408149
-32.7878652 26.8404337
-32.7877316 26.8411568
-32.7878085 26.8406754
-32.7876973 26.8415811
-32.7875248 26.8362831
-32.7876669 26.8361785
-32.7783605 26.8354328
-32.7786935 26.8346983
-32.7787503 26.8345606
-32.7786322 26.8348333
-32.7788639 26.8342323
-32.7788909 26.8341217
-32.7789247 26.8339142
-32.7789347 26.8336964
-32.7813481 26.8336653
-32.7812794 26.8336397
-32.7812457 26.8336165
-32.7831570 26.8336008
-32.7832494 26.8336049
-32.7905799 26.8338035
-32.7916719 26.8371318
-32.7918090 26.8369266
-32.7918660 26.8367646
-32.7918918 26.8365915
-32.7918925 26.8365035
-32.7916145 26.8371870
-32.7899894 26.8404794
-32.7877985 26.8398349
-32.7878079 26.8398854
-32.7878435 26.8399755
-32.7878236 26.8399335
-32.7881228 26.8371058
-32.7892206 26.8402344
-32.7892508 26.8402519
-32.7893922 26.8402519
-32.7880419 26.8481312
-32.7880557 26.8480836
-32.7880625 26.8480339
-32.7865890 26.8511224
-32.7869748 26.8513408
-32.7869943 26.8512382
-32.7869809 26.8511369
-32.7869766 26.8510616
-32.7869844 26.8509179
-32.7869955 26.8508507
-32.7869921 26.8534311
-32.7870643 26.8528895
-32.7870442 26.8531814
-32.7870563 26.8530986
-32.7870658 26.8529522
-32.7870112 26.8526831
-32.7859447 26.8511657
-32.7859456 26.8511513
-32.7859344 26.8511171
-32.7859194 26.8511028
-32.7858855 26.8529047
-32.7862002 26.8529387
-32.7861006 26.8529739
-32.7863883 26.8527465
-32.7861459 26.8489887
-32.7856359 26.8498839
-32.7866933 26.8502285
-32.7870312 26.8503275
-32.7870640 26.8504111
-32.7870484 26.8503796
-32.7870761 26.8504210
-32.7871504 26.8504357
-32.7868850 26.8502473
-32.7869464 26.8503103
-32.7868235 26.8504941
-32.7870372 26.8502071
-32.7870161 26.8503058
-32.7869975 26.8502885
-32.7863080 26.8483362
-32.7875637 26.8437476
-32.7890782 26.8447534
-32.7890585 26.8447269
-32.7890269 26.8446543
-32.7890187 26.8446086
-32.7889718 26.8443442
-32.7889027 26.8442747
-32.7888760 26.8442661
-32.7883264 26.8446274
-32.7865310 26.8479493
-32.7854669 26.8338350
-32.7853984 26.8338063
-32.7820153 26.8471195
-32.7822663 26.8572941
-32.7861950 26.8433627
-32.7861883 26.8434076
-32.7861955 26.8435013
-32.7862316 26.8435887
-32.7876904 26.8456079
-32.7880519 26.8462902
-32.7835610 26.8437881
-32.7832643 26.8434404
-32.7832494 26.8431033
-32.7832545 26.8432742
-32.7834032 26.8436180
-32.7833648 26.8436046
-32.7833430 26.8436039
-32.7834191 26.8436290
-32.7854469 26.8473928
-32.7852609 26.8476295
-32.7841333 26.8465322
-32.7839920 26.8463188
-32.7838730 26.8460620
-32.7842972 26.8455173
-32.7841659 26.8456316
-32.7842354 26.8455776
-32.7843533 26.8454495
-32.7836949 26.8430958
-32.7836870 26.8430684
-32.7836937 26.8431115
-32.7836796 26.8430584
-32.7836658 26.8433376
-32.7837488 26.8434636
-32.7837296 26.8434247
-32.7840951 26.8440250
-32.7838300 26.8437291
-32.7837407 26.8434409
-32.7836737 26.8433621
-32.7836644 26.8433131
-32.7836921 26.8430803
-32.7836413 26.8430153
-32.7835040 26.8426024
-32.7848730 26.8439022
-32.7843773 26.8436421
-32.7844873 26.8435136
-32.7843676 26.8435632
-32.7844350 26.8434908
-32.7845444 26.8435384
-32.7845714 26.8435103
-32.7847723 26.8435062
-32.7847141 26.8434492
-32.7848691 26.8436008
-32.7837579 26.8434338
-32.7840471 26.8433876
-32.7842580 26.8434231
-32.7843643 26.8435440
-32.7843865 26.8437168
-32.7845630 26.8451685
-32.7847260 26.8449050
-32.7851331 26.8436553
-32.7854183 26.8433215
-32.7854418 26.8432698
-32.7854323 26.8432950
-32.7854013 26.8433453
-32.7854486 26.8432434
-32.7854678 26.8431314
-32.7861356 26.8460474
-32.7857307 26.8455934
-32.7857843 26.8472491
-32.7857832 26.8472166
-32.7856091 26.8474764
-32.7855816 26.8474777
-32.7857201 26.8471478
-32.7856927 26.8471492
-32.7855955 26.8474802
-32.7857063 26.8471454
-32.7857864 26.8472328
-32.7855698 26.8474694
-32.7856206 26.8474668
-32.7857321 26.8471561
-32.7856813 26.8471588
-32.7857773 26.8472634
-32.7857751 26.8472030
-32.7856047 26.8472583
-32.7855168 26.8487634
-32.7848275 26.8487467
-32.7848474 26.8486578
-32.7848279 26.8487902
-32.7848685 26.8486159
-32.7841368 26.8483718
-32.7840680 26.8483007
-32.7846983 26.8485153
-32.7824072 26.8495359
-32.7823813 26.8498068
-32.7826316 26.8516441
-32.7828052 26.8523079
-32.7824343 26.8535551
-32.7851059 26.8548305
-32.7851098 26.8548151
-32.7851408 26.8547735
-32.7851673 26.8547481
-32.7852101 26.8547239
-32.7852468 26.8545569
-32.7855512 26.8541707
-32.7857632 26.8541801
-32.7850173 26.8557385
-32.7849824 26.8555909
-32.7857576 26.8565606
-32.7857267 26.8564819
-32.7856430 26.8563216
-32.7855890 26.8562423
-32.7845496 26.8553018
-32.7846294 26.8551896
-32.7842292 26.8561180
-32.7848899 26.8562092
-32.7846137 26.8553737
-32.7843668 26.8557774
-32.7850162 26.8553965
-32.7863117 26.8548828
-32.7861459 26.8549861
-32.7852654 26.8553281
-32.7850669 26.8549857
-32.7850835 26.8549890
-32.7851153 26.8550256
-32.7849651 26.8549961
-32.7849305 26.8550062
-32.7851132 26.8551269
-32.7850983 26.8549984
-32.7851182 26.8550395
-32.7851098 26.8550129
-32.7848245 26.8550679
-32.7850794 26.8557425
-32.7852304 26.8555346
-32.7852800 26.8554474
-32.7850602 26.8558028
-32.7850748 26.8569113
-32.7845854 26.8561585
-32.7829394 26.8560013
-32.7830285 26.8558270
-32.7830758 26.8557532
-32.7828862 26.8550816
-32.7828749 26.8550178
-32.7828779 26.8549865
-32.7828864 26.8549566
-32.7828593 26.8527116
-32.7828300 26.8529047
-32.7828266 26.8531542
-32.7866646 26.8522570
-32.7888257 26.8480940
-32.7887875 26.8480834
-32.7892089 26.8484134
-32.7892103 26.8483538
-32.7891900 26.8482980
-32.7891727 26.8482754
-32.7877909 26.8508407
-32.7867829 26.8516522
-32.7868039 26.8516541
-32.7868427 26.8516375
-32.7868576 26.8516204
-32.7867632 26.8516434
-32.7861099 26.8530362
-32.7861087 26.8531059
-32.7861155 26.8531971
-32.7861087 26.8532521
-32.7861076 26.8533218
-32.7861144 26.8533728
-32.7861335 26.8534291
-32.7861640 26.8535256
-32.7861899 26.8536168
-32.7862113 26.8536665
-32.7862181 26.8537389
-32.7862023 26.8538596
-32.7861956 26.8539226
-32.7862080 26.8539964
-32.7862204 26.8541023
-32.7862294 26.8542270
-32.7862316 26.8543437
-32.7862474 26.8544282
-32.7862790 26.8545100
-32.7862970 26.8545891
-32.7863410 26.8547299
-32.7863809 26.8548258
-32.7871212 26.8575570
-32.7868619 26.8566330
-32.7846248 26.8470463
-32.7847699 26.8474621
-32.7845466 26.8474777
-32.7845318 26.8471646
-32.7846492 26.8470152
-32.7853500 26.8461241
-32.7856838 26.8461138
-32.7859243 26.8458104
-32.7862065 26.8454543
-32.7833756 26.8436074
-32.7847445 26.8448819
-32.7873489 26.8469570
-32.7869573 26.8470926
-32.7869152 26.8471007
-32.7869381 26.8471039
-32.7869048 26.8470926
-32.7868227 26.8469594
-32.7868223 26.8469940
-32.7868296 26.8469443
-32.7870375 26.8466850
-32.7870821 26.8466879
-32.7872010 26.8467831
-32.7869484 26.8470998
-32.7869273 26.8471044
-32.7868298 26.8470091
-32.7868202 26.8469764
-32.7870263 26.8466945
-32.7870507 26.8466800
-32.7870671 26.8466805
-32.7872444 26.8468172
-32.7873985 26.8470235
-32.7873227 26.8469220
-32.7865117 26.8441554
-32.7865529 26.8441057
-32.7864278 26.8442565
-32.7866128 26.8440336
-32.7865297 26.8441337
-32.7862553 26.8438544
-32.7860721 26.8440752
-32.7859433 26.8439239
-32.7862733 26.8438327
-32.7863545 26.8437350
-32.7860586 26.8440915
-32.7859298 26.8439402
-32.7863833 26.8440047
-32.7863171 26.8440861
-32.7861547 26.8436984
-32.7861346 26.8436986
-32.7863662 26.8444238
-32.7863461 26.8444240
-32.7864548 26.8443170
-32.7864547 26.8442931
-32.7863137 26.8440938
-32.7863139 26.8441176
-32.7863561 26.8444258
-32.7864564 26.8443051
-32.7863122 26.8441057
-32.7861446 26.8436966
-32.7861637 26.8437040
-32.7861256 26.8437043
-32.7863184 26.8440830
-32.7863186 26.8441283
-32.7863370 26.8444184
-32.7863752 26.8444181
-32.7864501 26.8443278
-32.7864499 26.8442825
-32.7864013 26.8439830
-32.7854113 26.8433313
-32.7841113 26.8430631
-32.7839494 26.8428754
-32.7839297 26.8428195
-32.7839654 26.8428986
-32.7839374 26.8428490
-32.7839271 26.8427888
-32.7839370 26.8427058
-32.7838416 26.8458012
-32.7838011 26.8436347
-32.7835595 26.8439616
-32.7836023 26.8447910
-32.7838256 26.8457580
-32.7867309 26.8583148
-32.7866804 26.8585132
-32.7861414 26.8589035
-32.7862795 26.8592736
-32.7868489 26.8592555
-32.7868613 26.8591925
-32.7869087 26.8589471
-32.7868833 26.8587935
-32.7869053 26.8588545
-32.7868359 26.8587586
-32.7866826 26.8585487
-32.7840522 26.8557008
-32.7840947 26.8557151
-32.7841178 26.8557128
-32.7839723 26.8555916
-32.7840156 26.8556605
-32.7840350 26.8556860
-32.7840718 26.8557106
-32.7841398 26.8557039
-32.7841800 26.8556785
-32.7842787 26.8555984
-32.7843505 26.8554909
-32.7843983 26.8554172
-32.7844657 26.8553240
-32.7845690 26.8552703
-32.7841943 26.8562052
-32.7870569 26.8487030
-32.7869493 26.8489771
-32.7842082 26.8468501
-32.7842488 26.8471463
-32.7888803 26.8462931
-32.7884042 26.8450941
-32.7903851 26.8463708
-32.7781214 26.8535444
-32.7816492 26.8488754
-32.7816516 26.8488070
-32.7817687 26.8484587
-32.7836744 26.8413678
-32.7837077 26.8413222
-32.7837516 26.8412980
-32.7837744 26.8412944
-32.7837298 26.8413068
-32.7841268 26.8413050
-32.7841669 26.8412806
-32.7841801 26.8412621
-32.7841018 26.8413064
-32.7842545 26.8411203
-32.7845348 26.8413283
-32.7841085 26.8410121
-32.7838753 26.8409522
-32.7835506 26.8407514
-32.7844184 26.8465447
-32.7847426 26.8468964
-32.7846989 26.8462305
-32.7846716 26.8462315
-32.7846852 26.8462279
-32.7847109 26.8462391
-32.7846601 26.8462408
-32.7849079 26.8464608
-32.7842950 26.8466998
-32.7841988 26.8452362
-32.7836251 26.8448897
-32.7836756 26.8447977
-32.7837912 26.8447877
-32.7838983 26.8448903
-32.7839113 26.8449486
-32.7837901 26.8452081
-32.7837042 26.8452321
-32.7843535 26.8437582
-32.7847549 26.8440491
-32.7842419 26.8436322
-32.7849503 26.8440420
-32.7846154 26.8440541
-32.7846997 26.8432737
-32.7841422 26.8430979
-32.7844101 26.8428188
-32.7843716 26.8430513
-32.7842101 26.8430134
-32.7840610 26.8431991
-32.7847955 26.8479364
-32.7847682 26.8479377
-32.7846382 26.8481383
-32.7846371 26.8481058
-32.7848075 26.8479449
-32.7847568 26.8479471
-32.7846442 26.8480915
-32.7846461 26.8481519
-32.7846350 26.8481222
-32.7847818 26.8479339
-32.7847537 26.8482341
-32.7851453 26.8469958
-32.7852835 26.8468813
-32.7857288 26.8460570
-32.7861344 26.8465094
-32.7857200 26.8465369
-32.7856869 26.8464999
-32.7856555 26.8465387
-32.7855506 26.8465425
-32.7849548 26.8472017
-32.7848517 26.8479936
-32.7846364 26.8481115
-32.7690264 26.8499149
-32.7692707 26.8498673
-32.7697040 26.8495767
-32.7697633 26.8495059
-32.7691942 26.8498897
-32.7695725 26.8497006
-32.7696403 26.8496417
-32.7824737 26.8347126
-32.7816451 26.8339937
-32.7816182 26.8339631
-32.7815754 26.8338855
-32.7897230 26.8463200
-32.7896339 26.8463413
-32.7878638 26.8442746
-32.7877674 26.8439093
-32.7877291 26.8436261
-32.7993960 26.8628222
-32.7989135 26.8626049
-32.7972000 26.8630180
-32.7963523 26.8634069
-32.7952768 26.8635651
-32.7943952 26.8635195
-32.7942374 26.8634525
-32.7941292 26.8633506
-32.7936602 26.8624440
-32.7926365 26.8586701
-32.7923659 26.8578520
-32.7922239 26.8576509
-32.7906444 26.8518640
-32.7906613 26.8517755
-32.7907053 26.8517312
-32.7930074 26.8513075
-32.7930345 26.8512914
-32.7931111 26.8511787
-32.7931145 26.8510982
-32.7928462 26.8499127
-32.7928530 26.8498483
-32.7929184 26.8494594
-32.7929150 26.8493736
-32.7928721 26.8493441
-32.7924065 26.8491898
-32.7923366 26.8491791
-32.7914877 26.8491040
-32.7913141 26.8490423
-32.7912780 26.8490075
-32.7912645 26.8489511
-32.7912927 26.8478796
-32.7913276 26.8474773
-32.7911540 26.8468536
-32.7834700 26.8461838
-32.7834542 26.8462104
-32.7834600 26.8461953
-32.7834829 26.8461775
-32.7834537 26.8462270
-32.7838865 26.8460937
-32.7834696 26.8463357
-32.7802626 26.8506919
-32.7804829 26.8511830
-32.7804178 26.8511577
-32.7804029 26.8511410
-32.7854673 26.8466482
-32.7851863 26.8463322
-32.7855714 26.8465417
-32.7855667 26.8463658
-32.7855518 26.8447722
-32.7856527 26.8447647
-32.7859653 26.8451838
-32.7858224 26.8451243
-32.7851391 26.8443062
-32.7849936 26.8444847
-32.7868440 26.8455475
-32.7867151 26.8455979
-32.7868557 26.8456218
-32.7871990 26.8454074
-32.7863009 26.8447832
-32.7865357 26.8458237
-32.7868293 26.8454542
-32.7868274 26.8453753
-32.7878309 26.8466116
-32.7865427 26.8458316
-32.7860658 26.8464329
-32.7837540 26.8461212
-32.7844837 26.8475559
-32.7848023 26.8474158
-32.7848383 26.8474575
-32.7847624 26.8478969
-32.7846862 26.8478122
-32.7848337 26.8476244
-32.7855846 26.8472844
-32.7852451 26.8469131
-32.7842936 26.8472443
-32.7845072 26.8474329
-32.7844086 26.8473753
-32.7870601 26.8464122
-32.7874851 26.8469419
-32.7835028 26.8417732
-32.7835309 26.8417218
-32.7835178 26.8417494
-32.7834060 26.8419071
-32.7834187 26.8418758
-32.7834592 26.8418191
-32.7834355 26.8418473
-32.7833284 26.8422550
-32.7834855 26.8417947
-32.7841012 26.8419535
-32.7835360 26.8426987
-32.7833115 26.8429799
-32.7841194 26.8440205
-32.7841451 26.8440495
-32.7845597 26.8442918
-32.7842399 26.8439307
-32.7835792 26.8439349
-32.7838138 26.8443737
-32.7838992 26.8447786
-32.7838670 26.8446497
-32.7838186 26.8445951
-32.7838870 26.8442818
-32.7846233 26.8454895
-32.7847820 26.8454837
-32.7844618 26.8453078
-32.7851820 26.8458549
-32.7849138 26.8458638
-32.7847876 26.8457217
-32.7847864 26.8456730
-32.7851838 26.8459386
-32.7853538 26.8456388
-32.7852992 26.8455778
-32.7846512 26.8462520
-32.7844318 26.8465279
-32.7849671 26.8471884
-32.7847316 26.8469103
-32.7864499 26.8451471
-32.7865531 26.8451436
-32.7863232 26.8472998
-32.7866521 26.8470183
-32.7861081 26.8463795
-32.7865203 26.8479660
-32.7864783 26.8479212
-32.7863957 26.8473458
-32.7859069 26.8465245
-32.7860197 26.8463815
-32.7860382 26.8459382
-32.7860316 26.8456749
-32.7858102 26.8456825
-32.7856204 26.8480329
-32.7855698 26.8477280
-32.7855800 26.8475121
-32.7849758 26.8477822
-32.7850864 26.8478065
-32.7850562 26.8477730
-32.7849262 26.8477879
-32.7848785 26.8478485
-32.7847678 26.8478613
-32.7847503 26.8478835
-32.7840776 26.8468000
-32.7841242 26.8465216
-32.7841475 26.8466841
-32.7840207 26.8468945
-32.7849512 26.8440942
-32.7848504 26.8439303
-32.7849063 26.8440436
-32.7845690 26.8434019
-32.7846628 26.8435084
-32.7842315 26.8430184
-32.7843172 26.8431157
-32.7848719 26.8438189
-32.7845975 26.8435098
-32.7845982 26.8435700
-32.7846132 26.8435874
-32.7846137 26.8436249
-32.7846988 26.8437234
-32.7847000 26.8438217
-32.7843344 26.8442853
-32.7843347 26.8443283
-32.7844385 26.8441549
-32.7840152 26.8442189
-32.7842108 26.8444400
-32.7842733 26.8451337
-32.7847016 26.8449444
-32.7844588 26.8453125
-32.7842664 26.8450867
-32.7842513 26.8451050
-32.7841400 26.8449601
-32.7843410 26.8447179
-32.7844239 26.8446181
-32.7850001 26.8438168
-32.7872741 26.8456516
-32.7871022 26.8454749
-32.7871451 26.8454957
-32.7872163 26.8455599
-32.7870567 26.8454636
-32.7871843 26.8455253
-32.7872430 26.8456004
-32.7873033 26.8457043
-32.7873777 26.8459423
-32.7878000 26.8458745
-32.7873920 26.8460350
-32.7854861 26.8468477
-32.7853915 26.8467443
-32.7846649 26.8533055
-32.7849043 26.8534500
-32.7844925 26.8532014
-32.7850685 26.8523608
-32.7854727 26.8514146
-32.7845761 26.8535146
-32.7847578 26.8530869
-32.7853631 26.8525386
-32.7848938 26.8522553
-32.7849803 26.8525685
-32.7851614 26.8521421
-32.7857656 26.8515916
-32.7852977 26.8513089
-32.7853839 26.8516237
-32.7855650 26.8511975
-32.7794756 26.8723038
-32.7792208 26.8718947
-32.7790584 26.8715782
-32.7786254 26.8710646
-32.7784462 26.8707937
-32.7782646 26.8703270
-32.7781710 26.8699381
-32.7780944 26.8694620
-32.7780786 26.8691924
-32.7781485 26.8686090
-32.7782082 26.8684441
-32.7782421 26.8683784
-32.7782782 26.8682697
-32.7782917 26.8681289
-32.7782522 26.8679546
-32.7782432 26.8677682
-32.7781981 26.8675496
-32.7780560 26.8664257
-32.7779827 26.8655352
-32.7779850 26.8653488
-32.7780515 26.8649773
-32.7781553 26.8646662
-32.7782409 26.8645039
-32.7786807 26.8637972
-32.7790483 26.8634605
-32.7791926 26.8632701
-32.7792377 26.8631360
-32.7792828 26.8627082
-32.7793922 26.8620229
-32.7795264 26.8615226
-32.7796481 26.8612088
-32.7798139 26.8608762
-32.7799368 26.8606657
-32.7800185 26.8605601
-32.7807464 26.8594211
-32.7810660 26.8591274
-32.7766962 26.8603747
-32.7774539 26.8603773
-32.7773490 26.8604122
-32.7784067 26.8602419
-32.7854530 26.8531842
-32.7853638 26.8533942
-32.7855446 26.8529686
-32.7851604 26.8530089
-32.7856396 26.8532959
-32.7858600 26.8522419
-32.7855645 26.8520650
-32.7860459 26.8523531
-32.7857704 26.8524528
-32.7859513 26.8520271
-32.7756993 26.8407772
-32.7872148 26.8401474
-32.7870874 26.8402272
-32.7870716 26.8402514
-32.7871223 26.8403935
-32.7871426 26.8404177
-32.7871595 26.8404257
-32.7872903 26.8403587
-32.7870677 26.8398227
-32.7871900 26.8397029
-32.7872046 26.8396626
-32.7872373 26.8394575
-32.7872339 26.8393435
-32.7872125 26.8392375
-32.7875573 26.8398739
-32.7757885 26.8467584
-32.7758990 26.8466163
-32.7775407 26.8461670
-32.7775994 26.8460986
-32.7776140 26.8460678
-32.7776095 26.8460289
-32.7775148 26.8458639
-32.7774900 26.8458492
-32.7771472 26.8464728
-32.7771765 26.8464406
-32.7771855 26.8464111
-32.7771652 26.8462220
-32.7768506 26.8470950
-32.7771776 26.8473190
-32.7774201 26.8472680
-32.7774483 26.8472439
-32.7774641 26.8472023
-32.7776828 26.8470052
-32.7775125 26.8471366
-32.7774719 26.8471447
-32.7772600 26.8471085
-32.7772013 26.8470843
-32.7771641 26.8470548
-32.7770604 26.8464945
-32.7769803 26.8465130
-32.7769600 26.8464848
-32.7769541 26.8464460
-32.7870716 26.8443994
-32.7871370 26.8443713
-32.7872407 26.8442599
-32.7873253 26.8440856
-32.7876377 26.8438420
-32.7876455 26.8436591
-32.7874628 26.8438831
-32.7874820 26.8448728
-32.7874594 26.8446395
-32.7874572 26.8442506
-32.7874662 26.8440172
-32.7874842 26.8439287
-32.7905543 26.8336163
-32.7903390 26.8332234
-32.7933418 26.8624606
-32.7741119 26.8428337
-32.7778141 26.8469274
-32.7731133 26.8490983
-32.7759303 26.8548172
-32.7737233 26.8481578
-32.7731727 26.8483385
-32.7745803 26.8513301
-32.7741131 26.8517866
-32.7857593 26.8377616
-32.7856595 26.8379806
-32.7855398 26.8381333
-32.7854028 26.8382186
-32.7852332 26.8382497
-32.7850309 26.8382988
-32.7849058 26.8383596
-32.7847970 26.8383829
-32.7846546 26.8383364
-32.7845317 26.8382807
-32.7844566 26.8382820
-32.7843946 26.8383105
-32.7843653 26.8383609
-32.7843685 26.8384373
-32.7843968 26.8385162
-32.7844534 26.8386313
-32.7845077 26.8386740
-32.7845871 26.8386843
-32.7881283 26.8403045
-32.7881130 26.8402747
-32.7877817 26.8424394
-32.7878835 26.8425192
-32.7879746 26.8426161
-32.7880034 26.8426646
-32.7880513 26.8427373
-32.7881520 26.8428143
-32.7882311 26.8428585
-32.7882910 26.8429397
-32.7883341 26.8430110
-32.7873580 26.8486735
-32.7871780 26.8490970
-32.7888684 26.8491209
-32.7885203 26.8490826
-32.7884798 26.8490691
-32.7884414 26.8490235
-32.7884020 26.8488666
-32.7883569 26.8485528
-32.7883005 26.8483061
-32.7882351 26.8481800
-32.7881900 26.8481290
-32.7881562 26.8481076
-32.7840208 26.8536798
-32.7843454 26.8537724
-32.7846137 26.8538529
-32.7846791 26.8538609
-32.7847332 26.8538529
-32.7847964 26.8538126
-32.7848550 26.8537348
-32.7837049 26.8528041
-32.7842612 26.8531202
0 2126 33.671
1 126 19.281
1 2 40.422
2 1 40.422
2 17 7.389
3 1380 8.234
3 1379 8.207
4 1383 6.160
4 156 96.175
5 137 81.797
5 117 23.873
6 1358 10.113
6 1360 13.348
7 1355 10.315
7 158 56.183
8 158 84.994
8 180 14.921
9 1018 84.803
9 57 25.722
10 970 122.378
10 23 394.936
11 447 391.278
11 449 155.100
12 449 83.836
12 448 52.584
13 448 68.222
13 24 75.276
14 450 72.338
14 15 337.781
15 14 337.781
16 458 8.196
16 1378 8.206
17 2 7.389
17 1382 8.230
18 1736 34.435
18 451 75.672
18 999 70.559
19 455 12.323
19 1820 11.196
20 453 15.998
20 1018 18.789
21 117 14.288
21 671 7.700
22 23 381.354
22 2127 247.080
23 10 394.936
23 22 381.354
24 13 75.276
24 450 53.374
25 26 56.521
26 464 159.409
26 25 56.521
27 2057 66.701
27 463 67.012
28 29 23.821
28 2057 35.636
29 2059 13.628
29 28 23.821
30 31 73.893
30 2058 16.557
31 2060 16.454
31 30 73.893
32 33 24.902
32 461 19.178
33 34 30.552
33 32 24.902
34 35 43.292
34 33 30.552
35 36 23.203
35 34 43.292
36 38 36.580
36 35 23.203
37 40 74.207
37 2054 17.940
38 39 47.622
38 36 36.580
39 42 44.648
39 38 47.622
40 41 20.770
40 37 74.207
41 2055 21.029
41 40 20.770
42 460 46.089
42 39 44.648
43 2056 21.619
43 2055 23.322
44 1288 39.027
44 2056 21.379
45 48 36.177
45 460 34.283
46 47 29.249
46 1288 34.962
47 49 29.970
47 46 29.249
48 49 22.660
48 45 36.177
49 50 57.124
49 48 22.660
49 47 29.970
50 1445 10.435
50 49 57.124
50 58 22.255
51 1579 125.894
51 785 8.970
52 708 39.442
52 1581 25.598
52 728 7.642
53 222 19.039
53 296 26.457
54 894 14.889
54 1431 14.893
55 56 16.413
55 1441 16.415
56 904 16.404
56 55 16.413
57 1307 52.900
57 452 16.947
57 9 25.722
58 50 22.255
58 59 42.981
59 58 42.981
59 60 10.712
60 59 10.712
60 61 10.982
61 60 10.982
61 66 11.704
62 64 40.935
62 63 23.054
63 62 23.054
63 65 11.425
64 1284 15.662
64 62 40.935
65 63 11.425
65 1283 18.179
66 61 11.704
66 67 10.918
67 66 10.918
67 69 26.919
68 82 42.793
68 1284 24.652
69 67 26.919
69 77 14.994
70 1283 9.610
70 1282 16.382
71 74 8.720
72 75 10.561
72 73 11.389
73 72 11.389
73 76 16.768
74 78 12.625
74 71 8.720
75 80 13.898
75 72 10.561
76 73 16.768
76 84 20.694
77 69 14.994
77 85 23.843
78 1281 24.776
78 74 12.625
79 1282 10.189
79 81 8.319
80 83 13.086
80 75 13.898
81 79 8.319
81 83 8.054
82 88 49.419
82 68 42.793
83 81 8.054
83 80 13.086
84 76 20.694
84 89 15.444
85 77 23.843
85 87 16.740
86 91 4.942
86 1281 7.904
87 85 16.740
87 97 20.536
88 96 22.199
88 82 49.419
89 84 15.444
89 93 7.285
90 95 18.132
90 92 8.736
91 94 9.043
91 86 4.942
92 90 8.736
92 1286 17.978
93 89 7.285
93 94 5.807
94 93 5.807
94 91 9.043
95 98 20.448
95 90 18.132
96 102 29.763
96 88 22.199
97 87 20.536
97 100 16.677
98 1287 11.822
98 95 20.448
99 1286 10.995
99 104 38.572
100 97 16.677
100 101 10.309
101 100 10.309
101 1287 10.775
102 103 18.017
102 96 29.763
103 105 19.055
103 102 18.017
104 99 38.572
104 106 13.496
105 1285 26.364
105 103 19.055
106 104 13.496
106 1285 15.084
107 1273 163.532
107 143 41.080
108 134 48.915
108 146 32.721
108 1309 17.750
108 1354 14.439
109 1370 8.995
109 1369 10.774
110 578 147.536
111 1275 41.150
111 1276 51.383
112 155 109.907
112 1323 93.779
113 133 99.956
113 1377 89.499
114 1350 11.323
114 1351 6.280
114 148 94.454
114 149 108.490
115 467 107.804
115 1198 10.292
116 1087 31.802
116 1810 9.332
117 5 23.873
117 21 14.288
117 522 12.606
117 2155 19.594
118 585 3.694
118 586 15.688
119 1200 17.807
119 128 35.531
119 160 44.766
120 154 65.633
120 590 4.055
120 591 81.732
121 316 12.739
121 445 109.618
122 1442 5.127
122 141 30.514
123 145 8.759
123 1808 8.751
124 1807 10.074
124 1278 105.581
125 1389 9.471
125 298 47.551
126 1323 17.099
126 1 19.281
127 672 67.658
128 119 35.531
128 467 61.428
129 1277 109.162
129 1269 49.545
130 589 34.761
130 133 106.436
131 459 16.654
131 136 91.404
132 1371 8.809
133 130 106.436
133 113 99.956
134 1385 4.827
134 108 48.915
134 2085 27.794
135 1362 6.213
135 1363 12.369
135 1352 9.168
136 672 93.830
136 171 134.179
136 131 91.404
136 1350 65.845
137 690 62.149
137 5 81.797
137 154 100.200
137 683 85.313
138 693 128.739
138 1375 11.286
139 522 4.499
139 1387 4.491
140 510 157.871
140 1200 27.658
141 122 30.514
141 579 95.128
142 143 34.855
142 316 24.496
142 315 38.594
143 107 41.080
143 142 34.855
144 1270 72.105
144 490 21.850
145 369 10.298
145 123 8.759
146 154 63.819
146 108 32.721
146 1304 58.972
147 1368 10.759
147 468 8.102
147 1237 96.510
148 579 92.628
148 114 94.454
149 114 108.490
149 154 114.490
149 179 31.428
150 688 103.206
150 690 5.111
150 1353 6.527
151 1276 75.288
151 1274 24.475
152 1085 31.590
152 1280 59.360
153 1443 2.969
153 1442 5.128
154 149 114.490
154 137 100.200
154 120 65.633
154 146 63.819
155 2125 16.075
155 112 109.907
155 1377 7.166
156 4 96.175
156 688 109.660
157 1280 6.791
157 1279 27.019
158 7 56.183
158 8 84.994
158 2156 8.368
159 1357 13.351
159 1359 19.111
160 119 44.766
160 497 279.902
161 512 11.728
161 163 76.642
162 163 34.804
162 1170 8.685
162 2109 28.774
163 162 34.804
163 498 15.407
163 161 76.642
163 164 32.835
164 163 32.835
164 2129 74.760
164 2088 14.455
165 266 63.797
165 276 62.619
165 277 11.136
166 546 10.543
166 168 11.518
167 168 10.178
167 173 33.230
168 166 11.518
168 167 10.178
168 2084 42.458
169 2079 12.790
169 542 8.924
169 170 19.364
170 175 27.813
170 169 19.364
171 136 134.179
171 174 40.282
171 172 8.351
172 548 30.755
172 171 8.351
172 547 35.558
173 167 33.230
173 174 10.016
174 171 40.282
174 176 17.666
174 173 10.016
175 2085 4.165
175 170 27.813
175 538 18.281
176 174 17.666
176 1354 41.101
177 547 12.182
178 551 5.825
179 1304 37.250
179 149 31.428
180 181 10.164
180 8 14.921
180 1822 14.497
181 180 10.164
181 182 13.309
182 181 13.309
182 183 8.776
183 182 8.776
183 184 19.632
184 183 19.632
184 240 118.462
185 1483 25.223
185 1328 3.033
185 1909 28.000
186 1749 2.274
186 1748 2.782
187 1751 33.861
187 1746 2.562
188 1744 2.840
188 1743 2.838
189 1743 33.781
189 1903 2.965
190 1905 3.256
190 1909 30.394
191 1328 11.170
191 192 12.085
192 191 12.085
192 193 9.788
193 192 9.788
193 1454 15.986
194 621 16.567
194 195 16.556
195 194 16.556
195 196 16.564
196 195 16.564
196 197 16.565
197 196 16.565
197 198 21.987
198 197 21.987
198 199 10.512
199 198 10.512
199 200 10.506
200 199 10.506
200 570 10.532
201 570 10.112
201 202 13.838
202 201 13.838
202 203 15.751
203 202 15.751
203 204 24.036
204 203 24.036
204 205 20.969
205 204 20.969
205 299 11.824
206 299 11.915
206 1464 11.919
207 1861 4.571
207 208 9.767
208 207 9.767
208 1463 9.766
209 1463 9.533
209 210 9.492
210 209 9.492
210 1962 5.048
211 1462 5.549
211 1765 18.302
211 1734 26.313
212 1765 16.029
212 242 18.291
213 1626 37.279
213 214 49.971
213 1890 13.052
213 1804 13.181
214 213 49.971
214 215 16.417
214 294 4.273
214 1461 5.716
215 214 16.417
215 216 19.096
216 215 19.096
216 217 19.099
217 216 19.099
217 1951 2.325
218 1951 13.168
218 219 15.495
219 218 15.495
219 220 15.483
220 219 15.483
220 221 27.108
221 220 27.108
221 222 9.522
222 1431 14.888
222 53 19.039
222 221 9.522
222 888 41.335
223 1306 14.004
223 1885 38.840
223 1451 8.342
224 1451 41.852
224 2002 6.067
225 2002 5.178
225 226 11.239
226 225 11.239
226 1450 11.376
227 1450 11.373
227 228 7.873
228 227 7.873
228 229 7.881
229 228 7.881
229 230 7.875
230 229 7.875
230 231 7.873
231 230 7.873
231 232 9.206
232 231 9.206
232 233 9.206
232 2120 21.399
233 232 9.206
233 234 9.202
234 233 9.202
234 235 9.933
235 234 9.933
235 302 56.424
236 1661 33.176
236 1667 6.875
237 1667 14.772
237 1449 4.568
238 1449 4.567
238 1448 4.574
239 1448 4.567
239 1447 4.263
240 184 118.462
240 241 83.177
240 1446 10.777
241 240 83.177
241 1781 121.570
241 1507 5.513
242 212 18.291
242 1626 14.613
242 1329 15.978
243 1329 18.191
243 1897 4.006
244 1897 1.849
244 245 2.626
245 244 2.626
245 246 15.694
245 1735 12.702
246 245 15.694
246 247 13.609
246 1961 55.801
247 246 13.609
247 248 13.956
248 247 13.956
248 249 14.431
249 248 14.431
249 250 16.576
250 249 16.576
250 251 21.171
251 250 21.171
251 773 15.229
252 1340 45.751
252 764 9.091
253 764 15.112
253 254 7.098
254 253 7.098
254 255 6.922
255 254 6.922
255 256 6.920
256 255 6.920
256 577 6.929
257 1901 5.527
257 1656 6.758
257 552 101.141
258 554 5.265
258 1395 4.712
258 267 73.872
259 887 68.942
259 886 12.295
259 273 98.029
260 1401 6.406
260 1400 7.069
261 1399 4.814
261 1398 4.814
262 1599 2.292
262 1598 2.340
263 1601 4.738
264 854 12.752
264 1402 6.394
264 265 81.805
265 264 81.805
265 1596 25.729
265 276 42.791
266 1397 19.197
266 1600 10.009
266 165 63.797
267 258 73.872
267 1591 7.341
268 1590 4.346
268 269 35.032
269 268 35.032
269 1595 2.856
270 519 38.631
270 2167 34.924
271 2167 34.192
271 272 23.087
272 271 23.087
272 273 70.460
273 272 70.460
273 274 30.454
273 259 98.029
274 273 30.454
274 275 20.000
275 274 20.000
275 1596 22.671
276 265 42.791
276 165 62.619
277 165 11.136
277 278 14.911
278 277 14.911
278 279 12.292
279 278 12.292
279 281 13.970
280 1024 5.990
280 1416 43.055
281 279 13.970
281 1024 12.817
281 282 22.170
282 281 22.170
282 1408 7.222
283 518 7.222
283 1404 5.870
284 1405 7.855
284 1403 16.202
285 516 16.009
285 286 26.871
286 285 26.871
286 287 12.407
287 286 12.407
287 288 8.466
288 287 8.466
288 289 5.517
289 288 5.517
289 515 8.159
289 1053 10.497
290 513 8.256
290 291 11.875
291 290 11.875
291 292 13.675
292 291 13.675
292 1623 4.057
293 1895 13.859
293 1519 10.485
293 1460 5.938
294 214 4.273
294 1955 15.802
295 1795 2.500
295 768 27.005
295 1792 13.996
296 53 26.457
296 714 59.891
296 1417 11.993
296 717 74.720
297 1955 30.566
297 1795 23.899
297 1805 7.291
298 125 47.551
298 590 62.428
299 205 11.824
299 206 11.915
299 593 5.394
300 1701 30.169
300 1466 9.240
301 1468 10.050
301 1986 7.321
301 1322 23.672
302 235 56.424
302 1661 55.832
302 2113 12.062
303 1348 23.766
303 1339 97.586
304 1338 36.591
304 1337 30.606
305 1337 33.970
305 499 17.898
306 307 111.405
306 499 13.668
306 2129 51.063
306 354 38.337
307 306 111.405
307 308 118.339
308 307 118.339
308 496 158.631
308 335 58.487
309 432 80.935
309 310 21.284
310 309 21.284
310 311 21.092
310 1091 38.642
310 2130 18.032
311 310 21.092
311 312 22.699
312 311 22.699
312 440 49.557
313 444 8.329
313 314 14.071
313 1179 8.424
314 313 14.071
314 315 37.896
315 314 37.896
315 142 38.594
316 142 24.496
316 121 12.739
317 336 18.267
317 318 10.553
318 317 10.553
318 319 13.935
319 318 13.935
319 346 44.630
320 1321 70.420
320 324 13.912
321 324 15.945
321 322 8.979
322 321 8.979
322 388 29.830
323 1114 11.065
323 1312 4.553
324 320 13.912
324 398 60.804
324 321 15.945
325 353 53.992
325 367 55.852
325 362 128.416
326 426 46.801
326 327 59.493
327 326 59.493
328 335 55.503
328 336 55.680
328 329 321.873
329 328 321.873
329 330 11.739
330 329 11.739
330 331 11.707
330 1090 10.295
331 330 11.707
331 332 19.783
332 331 19.783
332 333 14.346
333 332 14.346
333 334 12.935
334 333 12.935
334 493 170.571
334 1089 16.281
335 308 58.487
335 328 55.503
335 493 152.745
336 328 55.680
336 317 18.267
336 337 315.187
337 336 315.187
337 482 13.862
338 482 13.258
338 339 8.404
339 338 8.404
339 340 20.811
340 339 20.811
340 341 10.795
341 340 10.795
341 342 8.531
342 341 8.531
342 343 10.999
342 1316 7.526
343 342 10.999
343 344 138.828
344 343 138.828
344 345 98.929
345 344 98.929
345 346 53.016
346 319 44.630
346 347 53.215
346 345 53.016
347 346 53.215
347 370 33.640
347 348 32.163
348 347 32.163
348 349 17.103
349 348 17.103
349 350 88.684
350 349 88.684
350 351 13.773
351 350 13.773
351 352 13.041
351 1320 22.629
352 351 13.041
352 353 127.725
353 398 13.471
353 325 53.992
353 352 127.725
354 306 38.337
354 1211 86.658
355 1349 57.297
355 1224 32.351
356 1739 42.560
356 357 19.846
357 356 19.846
357 1123 17.949
357 358 13.459
358 357 13.459
358 393 9.245
359 393 26.699
359 360 14.756
360 359 14.756
360 1311 97.288
361 395 42.610
361 1311 10.796
361 1310 9.510
362 325 128.416
362 364 19.654
363 2134 9.315
363 1318 32.407
363 364 15.510
364 365 50.093
364 362 19.654
364 363 15.510
365 364 50.093
365 2135 8.684
365 1314 8.747
365 1317 5.540
366 2135 12.296
366 474 111.135
367 325 55.852
367 407 38.569
367 474 15.800
368 1811 8.753
368 1807 10.069
369 1812 9.334
369 145 10.298
370 347 33.640
370 1321 30.269
370 382 51.995
371 1220 75.162
371 374 17.818
372 374 24.430
372 373 23.374
373 469 59.063
373 471 47.588
373 372 23.374
374 371 17.818
374 372 24.430
374 375 23.469
375 374 23.469
375 376 8.176
376 375 8.176
376 377 9.336
377 376 9.336
377 389 10.307
378 391 38.851
378 392 38.499
379 392 18.134
379 380 15.663
380 379 15.663
380 381 17.486
381 380 17.486
381 415 64.621
381 388 52.686
381 397 41.456
382 370 51.995
382 1220 5.761
382 383 52.796
383 382 52.796
383 390 47.105
383 389 91.454
384 390 15.427
384 385 22.798
385 384 22.798
385 386 10.405
386 385 10.405
386 387 9.581
387 386 9.581
387 388 16.993
388 387 16.993
388 322 29.830
388 381 52.686
389 377 10.307
389 391 64.618
389 383 91.454
390 383 47.105
390 384 15.427
390 391 64.478
391 389 64.618
391 378 38.851
391 390 64.478
392 378 38.499
392 379 18.134
392 396 57.316
393 394 55.967
393 358 9.245
393 359 26.699
394 396 59.520
394 393 55.967
394 395 114.624
395 394 114.624
395 397 55.074
395 361 42.610
396 392 57.316
396 394 59.520
396 397 78.949
397 396 78.949
397 381 41.456
397 395 55.074
398 324 60.804
398 353 13.471
398 410 54.873
399 410 35.821
399 415 18.571
400 415 45.433
400 401 7.526
401 400 7.526
401 402 4.165
402 401 4.165
402 403 5.419
403 402 5.419
403 404 43.801
403 2131 24.164
404 403 43.801
404 405 23.408
404 412 13.842
405 404 23.408
405 413 28.216
406 413 46.838
406 408 82.906
406 1103 40.606
407 367 38.569
407 416 14.325
407 408 53.717
408 406 82.906
408 407 53.717
408 409 15.283
409 408 15.283
409 414 34.130
410 398 54.873
410 399 35.821
410 411 60.564
411 414 50.258
411 410 60.564
411 412 81.484
412 411 81.484
412 404 13.842
413 405 28.216
413 406 46.838
413 491 20.842
413 1102 18.890
414 409 34.130
414 411 50.258
414 492 36.332
415 399 18.571
415 400 45.433
415 381 64.621
416 407 14.325
416 426 78.108
416 417 194.341
417 416 194.341
417 418 7.635
418 417 7.635
418 419 7.715
419 418 7.715
419 420 8.879
420 419 8.879
420 421 6.313
421 420 6.313
421 422 8.481
422 421 8.481
422 473 8.216
422 477 14.797
423 473 85.438
423 424 12.599
424 423 12.599
424 425 18.495
425 424 18.495
425 427 16.608
426 416 78.108
426 326 46.801
426 472 30.945
427 425 16.608
427 472 36.257
427 428 16.339
428 427 16.339
428 429 10.456
429 428 10.456
429 430 11.415
430 429 11.415
430 431 50.664
431 430 50.664
432 496 87.482
432 309 80.935
432 433 40.438
433 432 40.438
433 434 9.930
434 433 9.930
434 2132 8.719
435 494 49.949
435 2133 5.888
436 2133 6.072
436 495 11.217
437 495 10.103
437 438 10.615
438 437 10.615
438 439 48.401
439 440 12.482
439 442 42.598
439 438 48.401
440 312 49.557
440 439 12.482
441 475 23.628
442 439 42.598
442 1177 34.770
443 1177 20.151
443 444 61.650
444 443 61.650
444 313 8.329
445 121 109.618
445 1271 68.853
446 2127 43.900
446 447 144.818
447 446 144.818
447 11 391.278
448 12 52.584
448 13 68.222
449 11 155.100
449 12 83.836
450 24 53.374
450 14 72.338
451 18 75.672
451 958 205.008
452 57 16.947
452 1736 30.872
453 454 15.993
453 20 15.998
454 1820 11.192
454 453 15.993
455 1821 12.328
455 19 12.323
456 1822 14.505
456 1821 12.320
456 2117 13.409
457 1359 19.109
457 1356 10.388
458 1379 8.198
458 16 8.196
459 131 16.654
459 2136 3.245
459 1814 460.572
460 45 34.283
460 42 46.089
461 32 19.178
461 462 29.108
462 461 29.108
462 2060 17.008
463 27 67.012
463 464 63.589
464 463 63.589
464 26 159.409
465 1192 23.674
465 1272 17.502
466 1198 24.435
466 1192 27.179
467 128 61.428
467 115 107.804
468 147 8.102
468 1366 14.339
469 1224 35.240
469 373 59.063
470 471 76.790
470 1739 43.207
471 373 47.588
471 470 76.790
472 427 36.257
472 426 30.945
473 422 8.216
473 423 85.438
474 366 111.135
474 367 15.800
475 441 23.628
475 489 12.498
476 489 15.508
476 488 38.079
477 478 14.386
477 422 14.797
478 479 24.965
478 477 14.386
479 480 31.729
479 478 24.965
480 481 32.201
480 479 31.729
480 484 11.360
480 483 9.464
481 1090 8.991
481 480 32.201
481 1088 41.525
482 337 13.862
482 338 13.258
482 1088 19.662
483 480 9.464
483 1088 20.018
484 485 33.376
484 480 11.360
485 486 41.037
485 484 33.376
486 487 24.027
486 485 41.037
487 488 18.000
487 486 24.027
487 1089 90.293
488 476 38.079
488 487 18.000
489 475 12.498
489 476 15.508
490 144 21.850
490 1087 41.274
491 413 20.842
491 492 27.559
492 491 27.559
492 414 36.332
493 334 170.571
493 335 152.745
494 2132 8.299
494 435 49.949
495 436 11.217
495 437 10.103
496 308 158.631
496 432 87.482
497 503 18.809
497 160 279.902
497 511 46.055
498 163 15.407
498 501 48.712
498 500 9.051
498 2088 31.568
499 305 17.898
499 306 13.668
500 498 9.051
500 2093 3.267
501 502 34.741
501 498 48.712
502 503 71.989
502 501 34.741
503 497 18.809
503 504 17.010
503 502 71.989
503 1225 57.928
504 505 56.117
504 503 17.010
505 506 52.546
505 504 56.117
506 507 59.753
506 505 52.546
507 508 119.729
507 506 59.753
508 1238 77.200
508 507 119.729
509 510 53.571
509 1238 52.622
510 1199 240.667
510 140 157.871
510 509 53.571
511 497 46.055
511 512 27.750
512 511 27.750
512 161 11.728
513 514 8.466
513 290 8.256
514 515 7.643
514 513 8.466
515 289 8.159
515 514 7.643
516 1403 35.449
516 285 16.009
517 1407 5.868
517 1406 7.860
518 1408 7.217
518 283 7.222
519 1592 2.799
519 270 38.631
520 1593 2.804
520 1592 2.802
521 1594 2.865
521 1593 2.854
522 117 12.606
522 139 4.499
523 524 11.918
523 692 137.654
523 691 120.660
524 523 11.918
524 526 58.644
524 525 42.140
525 524 42.140
526 527 7.340
526 524 58.644
527 528 7.461
527 526 7.340
528 529 14.343
528 527 7.461
529 530 22.510
529 528 14.343
530 531 11.767
530 529 22.510
531 532 5.101
531 530 11.767
532 533 4.218
532 531 5.101
533 534 5.982
533 532 4.218
534 535 10.814
534 533 5.982
535 536 15.959
535 534 10.814
536 537 32.053
536 535 15.959
537 538 24.717
537 536 32.053
537 2078 14.086
538 537 24.717
538 539 21.828
538 175 18.281
539 2072 2.193
539 538 21.828
539 2078 21.328
540 541 6.211
540 2072 1.891
540 2073 14.394
541 542 6.063
541 540 6.211
542 169 8.924
542 541 6.063
543 2079 40.351
543 544 23.609
544 543 23.609
544 545 9.063
545 544 9.063
545 546 10.112
546 545 10.112
546 166 10.543
547 172 35.558
547 177 12.182
548 172 30.755
549 550 4.663
549 1305 5.956
550 551 10.724
550 549 4.663
551 178 5.825
551 550 10.724
552 257 101.141
552 553 5.265
553 552 5.265
553 554 5.270
554 553 5.270
554 258 5.265
555 556 8.402
556 557 12.077
556 555 8.402
557 558 6.511
557 556 12.077
558 559 6.916
558 557 6.511
559 560 13.648
559 558 6.916
560 561 13.663
560 559 13.648
561 562 17.791
561 560 13.663
562 563 24.257
562 561 17.791
563 564 17.205
563 562 24.257
564 565 28.828
564 563 17.205
565 566 23.262
565 564 28.828
566 567 21.848
566 565 23.262
567 568 12.453
567 566 21.848
568 569 12.089
568 567 12.453
569 570 19.505
569 568 12.089
570 200 10.532
570 201 10.112
570 569 19.505
571 572 20.567
571 760 19.306
572 1330 15.780
572 571 20.567
573 574 12.766
573 1330 13.977
574 575 55.868
574 573 12.766
575 1740 6.408
575 574 55.868
576 1335 7.400
576 648 7.413
577 256 6.929
577 1742 6.922
578 110 147.536
578 583 76.400
579 141 95.128
579 148 92.628
580 1815 4.142
580 1814 109.902
581 1817 4.561
581 1816 4.139
582 586 16.617
582 1817 4.570
583 578 76.400
583 1374 4.325
584 1373 4.328
584 1372 3.698
585 1372 3.697
585 118 3.694
586 118 15.688
586 693 38.162
586 582 16.617
587 592 181.786
587 1443 2.974
588 1352 8.781
588 1389 85.076
589 1363 62.051
589 130 34.761
590 298 62.428
590 120 4.055
591 120 81.732
591 1353 10.447
592 1376 54.943
592 587 181.786
593 299 5.394
593 1701 1.447
594 595 18.678
594 614 7.710
594 613 18.679
595 596 8.784
595 594 18.678
596 597 5.783
596 595 8.784
597 598 10.828
597 596 5.783
598 599 39.743
598 597 10.828
599 600 4.509
599 598 39.743
600 601 2.846
600 599 4.509
601 602 5.029
601 600 2.846
602 603 5.342
602 601 5.029
603 604 13.500
603 602 5.342
604 605 7.749
604 603 13.500
605 606 7.150
605 604 7.749
606 609 10.789
606 605 7.150
607 608 8.060
607 1328 25.082
608 609 6.516
608 607 8.060
609 606 10.789
609 610 5.902
609 608 6.516
610 611 7.974
610 609 5.902
611 613 23.597
611 610 7.974
612 613 14.144
613 612 14.144
613 611 23.597
613 594 18.679
614 615 6.827
614 594 7.710
615 616 5.474
615 614 6.827
616 617 9.166
616 615 5.474
617 618 18.279
617 616 9.166
618 617 18.279
619 1635 1.193
619 1456 2.043
620 621 3.523
620 1458 3.625
621 1453 15.574
621 194 16.567
621 620 3.523
622 765 14.644
622 768 38.771
623 624 24.858
623 765 7.285
624 625 19.421
624 623 24.858
625 626 11.718
625 624 19.421
626 627 44.811
626 625 11.718
627 628 79.441
627 626 44.811
628 759 11.700
628 627 79.441
629 630 5.949
629 759 12.410
630 631 7.131
630 629 5.949
631 727 13.491
631 630 7.131
632 760 6.030
632 727 3.343
633 634 42.365
634 1864 2.743
634 633 42.365
635 636 2.734
635 1864 2.736
636 1865 2.280
636 635 2.734
637 638 23.022
637 1866 2.278
638 1863 19.590
638 637 23.022
639 640 29.973
639 1863 14.894
640 641 25.547
640 639 29.973
641 642 21.853
641 640 25.547
642 643 15.272
642 641 21.853
643 644 22.520
643 642 15.272
644 643 22.520
644 645 24.403
645 1331 15.478
645 644 24.403
646 647 14.452
646 1333 9.488
647 1334 16.420
647 646 14.452
648 576 7.413
648 1741 6.394
648 1334 17.989
649 670 6.453
649 650 29.033
649 669 24.400
650 649 29.033
650 651 22.001
651 650 22.001
651 652 9.323
652 651 9.323
652 653 4.967
653 652 4.967
653 654 4.875
654 653 4.875
654 655 4.977
655 654 4.977
655 656 6.894
656 655 6.894
656 657 8.360
657 656 8.360
657 658 18.387
658 657 18.387
658 1313 8.843
659 1313 7.233
659 660 18.348
660 1326 20.286
660 670 28.027
660 659 18.348
661 662 28.672
662 663 13.126
662 661 28.672
663 664 6.992
663 662 13.126
664 665 8.891
664 663 6.992
665 666 9.683
665 664 8.891
666 667 6.397
666 665 9.683
667 668 26.007
667 666 6.397
668 669 20.851
668 667 26.007
669 649 24.400
669 668 20.851
670 660 28.027
670 649 6.453
671 21 7.700
671 1358 10.112
672 127 67.658
672 136 93.830
673 674 95.868
674 675 6.990
674 673 95.868
675 676 4.638
675 674 6.990
676 677 5.949
676 675 4.638
677 678 10.108
677 676 5.949
678 1384 20.890
678 677 10.108
679 680 17.194
679 1384 9.571
680 681 30.309
680 679 17.194
681 680 30.309
681 686 27.807
681 689 12.819
682 684 3.727
682 1391 3.728
683 1390 3.727
683 137 85.313
684 685 4.303
684 682 3.727
685 1392 4.304
685 684 4.303
686 681 27.807
686 1392 4.302
687 689 109.272
688 156 109.660
688 150 103.206
689 690 97.464
689 687 109.272
689 681 12.819
690 150 5.111
690 137 62.149
690 689 97.464
691 523 120.660
692 1325 64.681
692 523 137.654
693 586 38.162
693 138 128.739
694 696 24.781
694 695 12.941
695 694 12.941
696 697 11.822
696 694 24.781
697 698 29.330
697 696 11.822
698 699 40.998
698 697 29.330
699 700 14.509
699 698 40.998
700 701 15.808
700 699 14.509
701 702 27.231
701 700 15.808
702 703 18.953
702 701 27.231
703 704 19.170
703 702 18.953
704 705 6.924
704 703 19.170
705 706 8.032
705 704 6.924
706 723 20.310
706 705 8.032
707 713 27.565
707 723 20.450
708 835 105.546
708 52 39.442
708 709 10.352
709 710 35.553
709 708 10.352
710 711 9.832
710 709 35.553
711 712 12.236
711 710 9.832
712 711 12.236
712 737 6.676
712 736 9.252
713 1418 70.583
713 918 18.097
713 707 27.565
714 296 59.891
714 1418 42.591
714 715 10.758
715 716 38.016
715 714 10.758
716 1526 27.065
716 715 38.016
717 1526 17.315
717 722 45.559
717 296 74.720
718 1528 4.573
718 1527 4.064
718 725 5.962
719 720 6.594
719 1533 12.498
719 726 21.595
719 725 12.371
720 721 12.433
720 719 6.594
721 722 11.061
721 1530 17.781
721 720 12.433
722 721 11.061
722 726 32.439
722 717 45.559
723 706 20.310
723 724 84.505
723 707 20.450
724 1529 80.612
724 723 84.505
725 719 12.371
725 718 5.962
726 719 21.595
726 1795 6.137
726 722 32.439
727 758 5.670
727 632 3.343
727 631 13.491
728 729 7.543
728 52 7.642
729 730 11.443
729 728 7.543
730 731 20.959
730 729 11.443
731 732 6.232
731 730 20.959
732 1582 3.187
732 731 6.232
733 1583 2.939
733 1582 3.192
734 735 9.866
734 1585 10.582
735 736 5.046
735 734 9.866
736 712 9.252
736 735 5.046
737 738 15.243
737 712 6.676
738 739 23.854
738 737 15.243
739 740 34.729
739 738 23.854
740 741 12.913
740 739 34.729
741 742 8.809
741 740 12.913
742 743 6.711
742 741 8.809
743 744 7.857
743 742 6.711
744 1538 13.310
744 743 7.857
745 746 15.095
745 1538 20.836
746 747 8.881
746 745 15.095
747 748 5.870
747 746 8.881
748 1588 8.886
748 747 5.870
749 1587 14.177
749 1588 9.152
750 1586 8.738
750 1587 9.615
751 1537 31.039
751 1586 7.190
752 1536 35.169
752 1537 29.860
753 754 41.729
753 1536 47.657
754 755 18.942
754 753 41.729
755 756 12.339
755 754 18.942
756 757 18.705
756 755 12.339
757 758 6.964
757 756 18.705
758 727 5.670
758 757 6.964
759 629 12.410
759 628 11.700
760 761 7.301
760 571 19.306
760 632 6.030
761 1535 8.237
761 760 7.301
762 1534 14.112
762 1535 11.377
763 764 114.861
763 1534 13.935
764 252 9.091
764 253 15.112
764 763 114.861
765 766 7.048
765 623 7.285
765 622 14.644
766 767 12.536
766 765 7.048
767 771 27.638
767 766 12.536
768 1533 12.481
768 769 17.314
768 622 38.771
768 295 27.005
769 770 9.837
769 768 17.314
770 771 14.005
770 769 9.837
771 767 27.638
771 1531 11.235
771 770 14.005
772 773 61.892
772 1532 31.852
773 251 15.229
773 1340 86.677
773 772 61.892
774 775 12.457
775 776 22.084
775 774 12.457
776 777 14.205
776 775 22.084
777 778 9.031
777 776 14.205
778 779 7.068
778 777 9.031
779 958 25.251
779 778 7.068
780 781 6.361
780 786 14.517
781 782 34.292
781 780 6.361
782 783 42.878
782 781 34.292
783 784 21.835
783 782 42.878
784 785 31.262
784 783 21.835
785 51 8.970
785 1445 7.350
785 784 31.262
786 780 14.517
786 787 23.812
787 788 25.488
787 786 23.812
788 789 67.390
788 787 25.488
789 1731 8.762
789 788 67.390
789 792 13.473
789 791 8.877
790 791 25.866
790 816 44.994
790 815 37.915
791 789 8.877
791 790 25.866
792 793 23.864
792 789 13.473
793 1578 12.544
793 792 23.864
794 810 24.218
794 1578 8.575
795 796 10.814
795 810 9.149
796 1033 4.042
796 795 10.814
797 1547 10.302
797 1033 9.146
798 830 9.546
798 1034 21.542
798 1548 6.142
799 800 12.207
799 832 110.701
799 831 62.839
800 801 14.877
800 799 12.207
801 802 19.436
801 800 14.877
802 803 8.925
802 801 19.436
803 804 7.794
803 802 8.925
804 805 11.396
804 803 7.794
805 806 24.131
805 804 11.396
806 807 23.247
806 805 24.131
807 808 14.582
807 806 23.247
808 1577 12.113
808 807 14.582
809 1556 51.396
809 1577 17.420
810 794 24.218
810 811 50.376
810 1556 8.246
810 795 9.149
811 1557 25.573
811 810 50.376
812 1557 12.790
812 1554 6.450
812 1730 3.657
813 822 236.423
813 821 7.816
813 814 15.430
814 815 9.084
814 813 15.430
815 790 37.915
815 814 9.084
816 817 19.350
816 790 44.994
817 1555 21.799
817 1558 13.587
817 816 19.350
818 819 28.054
818 1558 13.595
819 1553 7.305
819 818 28.054
820 1554 5.844
820 823 49.133
820 830 40.347
820 1572 18.861
821 813 7.816
822 813 236.423
822 835 7.123
822 823 76.406
823 824 76.677
823 822 76.406
823 820 49.133
824 823 76.677
825 826 10.190
825 1058 99.602
825 1561 11.185
826 827 51.363
826 825 10.190
827 843 22.414
827 826 51.363
828 829 9.680
828 1562 10.578
829 1559 8.846
829 828 9.680
829 1057 7.404
830 1559 11.358
830 820 40.347
830 798 9.546
831 799 62.839
831 1303 51.312
831 1302 14.786
832 1549 8.106
832 799 110.701
833 1551 9.549
833 1550 8.106
834 1034 63.649
834 1552 9.555
835 2177 50.037
835 708 105.546
835 822 7.123
836 837 5.314
836 1543 3.423
837 1544 8.036
837 836 5.314
838 839 13.287
838 1544 8.114
839 840 17.548
839 838 13.287
840 1545 11.277
840 839 17.548
841 842 19.988
841 1545 12.366
842 841 19.988
842 861 2.732
842 851 8.971
843 1562 10.917
843 827 22.414
843 844 15.144
843 1575 13.115
844 845 14.359
844 843 15.144
845 846 12.874
845 844 14.359
846 847 17.436
846 845 12.874
847 848 13.128
847 846 17.436
848 849 17.103
848 847 13.128
849 850 16.991
849 848 17.103
850 1546 15.082
850 849 16.991
851 842 8.971
851 1546 6.978
852 853 54.425
852 896 17.927
852 897 52.101
853 852 54.425
853 898 23.210
853 860 53.711
854 1424 23.375
854 264 12.752
854 895 31.264
855 1422 1.810
855 1421 1.646
856 1420 2.633
856 1422 2.628
857 1425 10.458
857 1430 2.671
857 1428 9.378
857 1426 4.587
858 1419 11.248
858 1425 10.149
859 860 8.863
859 1419 11.224
860 859 8.863
860 853 53.711
860 897 20.586
861 862 12.858
861 842 2.732
862 863 8.220
862 861 12.858
863 864 25.160
863 862 8.220
864 865 12.874
864 863 25.160
865 866 7.667
865 864 12.874
866 867 6.878
866 865 7.667
867 868 10.907
867 866 6.878
868 1602 13.073
868 867 10.907
869 870 67.395
869 1602 6.641
869 1415 3.939
869 889 3.765
870 871 7.229
870 869 67.395
871 872 15.864
871 870 7.229
872 873 12.855
872 871 15.864
872 1589 22.469
873 874 7.608
873 872 12.855
874 875 6.314
874 873 7.608
875 876 5.253
875 874 6.314
876 877 6.507
876 875 5.253
877 878 16.720
877 876 6.507
878 879 23.127
878 877 16.720
879 1396 16.929
879 878 23.127
880 881 15.395
880 1396 17.185
881 1032 6.517
881 880 15.395
882 883 13.584
882 1427 4.036
883 1426 4.401
883 882 13.584
884 885 6.146
884 1428 5.804
885 886 17.286
885 884 6.146
886 259 12.295
886 1424 34.535
886 885 17.286
887 1393 121.368
887 259 68.942
887 2166 49.968
888 1733 51.323
888 222 41.335
888 893 8.749
888 898 67.753
889 869 3.765
889 1414 4.095
890 891 4.213
890 1416 19.288
891 1414 4.098
891 890 4.213
892 1413 9.497
892 1415 15.407
893 894 58.554
893 902 60.567
893 888 8.749
894 1943 12.142
894 54 14.889
894 893 58.554
895 1427 3.454
895 1032 22.138
895 897 27.640
895 854 31.264
896 898 69.281
896 901 88.012
896 1418 45.491
896 852 17.927
897 860 20.586
897 852 52.101
897 895 27.640
898 899 11.444
898 853 23.210
898 888 67.753
898 896 69.281
899 900 17.937
899 898 11.444
900 1417 14.355
900 899 17.937
901 896 88.012
901 918 48.818
901 1412 29.566
902 903 16.736
902 893 60.567
903 904 33.111
903 902 16.736
904 1656 80.685
904 56 16.404
904 903 33.111
905 906 3.226
905 915 3.218
906 907 3.229
906 905 3.226
907 908 3.225
907 906 3.229
908 909 3.228
908 907 3.225
909 910 3.220
909 908 3.228
909 2183 20.461
910 911 3.226
910 909 3.220
911 912 3.229
911 910 3.226
912 2007 3.220
912 911 3.229
913 914 3.236
913 2007 3.245
914 915 3.233
914 913 3.236
915 2064 43.732
915 914 3.233
915 905 3.218
916 1409 1.352
916 2017 43.178
917 1411 2.126
917 1410 1.348
918 713 18.097
918 2185 250.294
918 901 48.818
919 2109 49.930
919 2108 4.180
919 2098 32.989
920 2087 20.800
920 921 8.661
921 920 8.661
921 1127 26.594
922 923 18.132
922 931 10.104
922 1139 6.293
923 924 14.991
923 922 18.132
924 925 17.581
924 923 14.991
925 926 12.142
925 924 17.581
926 927 10.783
926 925 12.142
927 928 11.223
927 926 10.783
928 929 13.588
928 927 11.223
929 930 9.171
929 928 13.588
930 929 9.171
930 937 4.596
930 936 9.138
931 932 19.584
931 922 10.104
932 933 11.285
932 931 19.584
933 934 10.006
933 932 11.285
934 935 10.882
934 933 10.006
935 936 19.618
935 934 10.882
936 930 9.138
936 935 19.618
937 938 5.663
937 930 4.596
938 937 5.663
938 1161 15.810
938 1160 20.410
939 940 56.099
940 939 56.099
940 1171 32.151
940 1187 57.772
941 949 48.980
942 943 25.640
943 942 25.640
943 948 22.926
943 947 30.213
944 946 31.690
945 946 45.961
946 945 45.961
946 944 31.690
946 947 9.791
947 943 30.213
947 946 9.791
948 949 8.189
948 943 22.926
949 941 48.980
949 950 12.316
949 948 8.189
950 951 16.906
950 949 12.316
951 952 33.843
951 950 16.906
952 953 22.041
952 951 33.843
953 954 7.763
953 952 22.041
954 955 7.585
954 953 7.763
955 956 16.979
955 954 7.585
956 957 55.670
956 955 16.979
957 1124 35.258
957 956 55.670
958 451 205.008
958 970 130.070
958 779 25.251
959 960 27.048
960 961 14.276
960 959 27.048
961 962 8.423
961 960 14.276
962 963 17.659
962 961 8.423
963 964 11.178
963 962 17.659
964 965 17.530
964 963 11.178
965 966 13.338
965 964 17.530
966 967 9.033
966 965 13.338
967 968 6.119
967 966 9.033
968 969 13.331
968 967 6.119
969 970 75.436
969 968 13.331
970 958 130.070
970 10 122.378
970 969 75.436
971 973 12.717
971 974 9.798
971 982 49.505
971 1855 36.406
972 973 23.791
973 972 23.791
973 971 12.717
974 971 9.798
974 975 17.129
975 974 17.129
975 976 5.318
976 975 5.318
976 977 29.876
977 976 29.876
977 978 8.348
978 977 8.348
978 979 4.805
979 978 4.805
979 980 4.971
980 979 4.971
980 981 4.479
981 980 4.479
981 983 6.844
982 983 40.481
982 1738 28.393
982 971 49.505
983 981 6.844
983 982 40.481
984 985 10.281
984 996 31.079
985 986 5.104
985 984 10.281
986 987 7.189
986 985 5.104
987 988 9.516
987 986 7.189
988 989 4.569
988 987 9.516
989 990 4.716
989 988 4.569
990 991 4.132
990 989 4.716
991 992 3.143
991 990 4.132
992 993 4.432
992 991 3.143
993 994 5.029
993 992 4.432
994 995 30.484
994 993 5.029
995 994 30.484
996 984 31.079
996 997 35.500
996 1738 32.340
997 1818 6.061
997 996 35.500
998 1819 4.051
998 1818 6.064
999 18 70.559
999 1819 4.049
1000 1001 18.684
1000 1736 11.579
1001 1002 20.007
1001 1000 18.684
1002 1003 68.507
1002 1001 20.007
1003 1737 10.211
1003 1002 68.507
1004 1737 34.957
1004 1018 10.723
1004 1440 19.938
1005 1006 50.243
1006 1433 3.310
1006 1005 50.243
1007 1435 4.361
1007 1434 3.309
1008 1009 13.707
1008 1436 8.160
1009 1437 3.590
1009 1008 13.707
1010 1011 3.590
1010 1437 3.582
1011 1438 3.061
1011 1010 3.590
1012 1013 32.547
1012 2164 12.897
1013 1014 32.542
1013 1012 32.547
1014 1015 44.271
1014 1013 32.542
1015 1016 7.405
1015 1014 44.271
1016 1017 7.102
1016 1015 7.405
1017 1439 3.064
1017 1440 67.263
1017 1016 7.102
1018 1004 10.723
1018 20 18.789
1018 9 84.803
1019 1020 24.040
1020 1021 8.672
1020 1019 24.040
1021 1022 7.407
1021 1020 8.672
1022 1023 6.797
1022 1021 7.407
1023 1022 6.797
1023 1706 9.176
1023 1077 11.226
1024 281 12.817
1024 280 5.990
1024 1589 22.514
1025 1398 4.814
1025 1397 5.063
1025 1026 11.807
1026 1027 10.799
1026 1025 11.807
1027 1028 12.659
1027 1026 10.799
1028 1029 7.994
1028 1027 12.659
1029 1030 7.279
1029 1028 7.994
1030 1031 7.086
1030 1029 7.279
1031 1032 11.386
1031 1030 7.086
1032 895 22.138
1032 881 6.517
1032 1031 11.386
1033 1576 14.072
1033 797 9.146
1033 796 4.042
1034 798 21.542
1034 834 63.649
1034 1035 8.209
1034 1573 7.096
1035 1574 10.652
1035 1034 8.209
1036 1081 8.807
1036 1037 6.373
1037 1038 17.425
1037 1068 21.791
1037 1036 6.373
1037 1080 30.765
1038 1039 11.518
1038 1037 17.425
1039 1040 17.268
1039 1038 11.518
1040 1041 22.244
1040 1039 17.268
1041 1625 10.797
1041 1040 22.244
1042 1043 17.620
1042 1625 10.529
1043 1044 37.218
1043 1042 17.620
1044 1045 18.285
1044 1043 37.218
1045 1046 13.360
1045 1044 18.285
1046 1047 18.171
1046 1045 13.360
1047 1048 13.737
1047 1046 18.171
1048 1049 15.374
1048 1047 13.737
1049 1050 18.434
1049 1048 15.374
1050 1051 10.661
1050 1049 18.434
1051 1052 10.003
1051 1050 10.661
1052 1053 7.243
1052 1051 10.003
1053 289 10.497
1053 1052 7.243
1054 1563 7.406
1054 1566 3.965
1055 1568 5.566
1055 1570 2.662
1056 1057 7.756
1056 1568 5.904
1057 829 7.404
1057 1056 7.756
1058 825 99.602
1058 1084 30.273
1059 1060 7.280
1060 1061 9.118
1060 1059 7.280
1061 1062 9.435
1061 1060 9.118
1062 1064 11.284
1062 1061 9.435
1063 1624 14.284
1064 1062 11.284
1064 1065 4.063
1064 1624 14.087
1065 1066 8.159
1065 1064 4.063
1066 1067 10.468
1066 1065 8.159
1067 1068 12.241
1067 1066 10.468
1068 1037 21.791
1068 1067 12.241
1069 1070 13.370
1070 1071 31.766
1070 1069 13.370
1071 1072 11.617
1071 1070 31.766
1072 1073 7.175
1072 1071 11.617
1073 1074 9.034
1073 1072 7.175
1074 1075 13.490
1074 1073 9.034
1075 1076 12.860
1075 1074 13.490
1076 1077 10.717
1076 1075 12.860
1077 1023 11.226
1077 1076 10.717
1078 1079 13.807
1078 1303 20.714
1079 1080 20.055
1079 1078 13.807
1080 1037 30.765
1080 1079 20.055
1081 1082 32.852
1081 1036 8.807
1082 1083 13.990
1082 1081 32.852
1083 1290 3.601
1083 1082 13.990
1084 1058 30.273
1084 1290 29.411
1085 1269 6.489
1085 152 31.590
1086 1279 114.233
1086 1275 74.006
1087 490 41.274
1087 116 31.802
1088 483 20.018
1088 482 19.662
1088 481 41.525
1089 334 16.281
1089 487 90.293
1089 2130 46.056
1089 1090 57.144
1090 330 10.295
1090 481 8.991
1090 1089 57.144
1091 310 38.642
1091 1092 50.937
1092 1091 50.937
1093 1094 37.058
1094 1095 62.009
1094 1093 37.058
1095 1096 43.135
1095 1094 62.009
1096 1097 36.672
1096 1095 43.135
1097 1098 36.447
1097 1096 36.672
1098 1104 46.008
1098 1097 36.447
1099 1100 23.729
1099 1109 11.480
1099 1108 6.481
1100 1101 13.487
1100 1099 23.729
1101 1102 10.471
1101 1100 13.487
1102 413 18.890
1102 1101 10.471
1103 1104 9.710
1103 406 40.606
1104 1098 46.008
1104 1105 9.481
1104 1103 9.710
1105 1106 14.072
1105 1104 9.481
1106 1107 13.042
1106 1105 14.072
1107 1108 11.144
1107 1106 13.042
1108 1099 6.481
1108 1107 11.144
1109 1110 27.090
1109 1099 11.480
1110 1111 35.318
1110 1109 27.090
1111 1115 27.646
1111 1110 35.318
1112 1206 16.768
1112 1115 33.481
1113 1114 18.561
1113 1206 5.772
1114 323 11.065
1114 1113 18.561
1115 1112 33.481
1115 1111 27.646
1115 1116 31.022
1116 2131 22.625
1116 1115 31.022
1117 1118 8.096
1118 1119 5.566
1118 1117 8.096
1119 1120 14.364
1119 1118 5.566
1120 1121 22.702
1120 1119 14.364
1121 1122 13.071
1121 1120 22.702
1122 1123 8.613
1122 1121 13.071
1123 357 17.949
1123 1122 8.613
1124 1125 18.817
1124 957 35.258
1125 1126 50.941
1125 1124 18.817
1126 1127 37.084
1126 1125 50.941
1127 1166 15.320
1127 1165 57.240
1127 1126 37.084
1127 921 26.594
1128 1165 54.561
1129 1130 44.681
1130 1131 21.082
1130 1129 44.681
1131 1132 4.466
1131 1130 21.082
1132 1133 6.907
1132 1131 4.466
1133 1134 10.595
1133 1132 6.907
1134 1135 8.214
1134 1133 10.595
1135 1136 7.697
1135 1134 8.214
1136 1137 17.649
1136 1135 7.697
1137 1138 21.526
1137 1136 17.649
1138 1139 8.414
1138 1137 21.526
1139 922 6.293
1139 1140 11.312
1139 1138 8.414
1140 1141 15.099
1140 1139 11.312
1141 1142 28.835
1141 1140 15.099
1142 1143 11.793
1142 1141 28.835
1143 1144 7.399
1143 1142 11.793
1144 1145 7.264
1144 1143 7.399
1145 1146 7.663
1145 1144 7.264
1146 1147 7.299
1146 1145 7.663
1147 1148 6.293
1147 1146 7.299
1148 1147 6.293
1148 1149 4.272
1149 1150 3.905
1149 1148 4.272
1150 1151 5.337
1150 1149 3.905
1151 1152 9.912
1151 1150 5.337
1152 1153 18.445
1152 1151 9.912
1153 1154 26.371
1153 1152 18.445
1154 1155 14.126
1154 1153 26.371
1155 1154 14.126
1155 1156 7.975
1156 1157 6.963
1156 1155 7.975
1157 1158 9.754
1157 1156 6.963
1158 1159 21.189
1158 1157 9.754
1159 1160 38.110
1159 1158 21.189
1160 938 20.410
1160 1159 38.110
1161 1162 25.461
1161 938 15.810
1162 1163 20.377
1162 1161 25.461
1163 1164 11.202
1163 1162 20.377
1164 1163 11.202
1164 1165 24.067
1165 1127 57.240
1165 1128 54.561
1165 1164 24.067
1166 1167 24.342
1166 1127 15.320
1167 1168 36.718
1167 1166 24.342
1168 1169 19.345
1168 1167 36.718
1169 1170 20.994
1169 1168 19.345
1170 162 8.685
1170 1169 20.994
1170 2112 22.533
1171 1172 17.175
1171 1188 106.959
1171 940 32.151
1172 1173 23.677
1172 1171 17.175
1173 1174 19.734
1173 1172 23.677
1174 1175 26.522
1174 1173 19.734
1175 1272 34.806
1175 1273 41.479
1175 1174 26.522
1176 1187 31.722
1176 1186 17.574
1177 442 34.770
1177 443 20.151
1178 1180 14.040
1178 1179 19.740
1179 1178 19.740
1179 313 8.424
1180 1181 15.764
1180 1178 14.040
1181 1182 8.893
1181 1180 15.764
1182 1183 17.362
1182 1181 8.893
1183 1184 9.765
1183 1182 17.362
1184 1185 15.850
1184 1183 9.765
1185 1186 14.953
1185 1184 15.850
1186 1176 17.574
1186 1185 14.953
1187 940 57.772
1187 1176 31.722
1188 1171 106.959
1188 1191 34.817
1188 1190 37.384
1189 1190 42.903
1190 1188 37.384
1190 1189 42.903
1191 1192 45.232
1191 1188 34.817
1192 466 27.179
1192 465 23.674
1192 1191 45.232
1193 1262 113.939
1193 1268 55.424
1194 1255 59.741
1194 1262 85.158
1195 1254 31.273
1195 1255 49.946
1196 1252 7.230
1196 1254 23.995
1197 1241 30.216
1197 1252 50.404
1198 115 10.292
1198 466 24.435
1198 1241 9.284
1199 1364 165.122
1199 510 240.667
1200 140 27.658
1200 119 17.807
1200 1238 119.322
1200 1258 9.431
1201 1202 125.834
1201 2071 4.640
1202 1201 125.834
1203 1266 5.280
1203 1265 13.730
1204 1371 7.173
1204 1370 13.219
1205 1206 44.328
1206 1113 5.772
1206 1112 16.768
1206 1205 44.328
1207 1208 52.486
1208 1207 52.486
1208 1210 26.082
1208 1209 21.444
1209 1208 21.444
1210 1211 34.456
1210 1208 26.082
1211 1210 34.456
1211 354 86.658
1211 1219 79.350
1212 1213 50.760
1213 1214 10.340
1213 1212 50.760
1214 1215 9.598
1214 1213 10.340
1215 1216 14.911
1215 1214 9.598
1216 1217 25.247
1216 1215 14.911
1217 1218 16.976
1217 1216 25.247
1218 1219 19.258
1218 1217 16.976
1219 1218 19.258
1219 1211 79.350
1219 1349 18.959
1220 382 5.761
1220 371 75.162
1220 1221 72.137
1221 1222 55.104
1221 1220 72.137
1222 1223 19.541
1222 1221 55.104
1223 1224 20.126
1223 1222 19.541
1224 355 32.351
1224 469 35.240
1224 1223 20.126
1225 1226 39.241
1225 503 57.928
1226 1227 18.912
1226 1225 39.241
1227 1228 10.716
1227 1226 18.912
1228 1229 7.815
1228 1227 10.716
1229 1230 11.537
1229 1228 7.815
1230 1229 11.537
1231 1232 77.614
1231 1238 117.503
1232 1233 65.174
1232 1231 77.614
1233 1234 39.486
1233 1232 65.174
1234 1235 33.471
1234 1233 39.486
1235 1236 102.005
1235 1234 33.471
1236 1237 116.407
1236 1235 102.005
1237 147 96.510
1237 1236 116.407
1238 509 52.622
1238 508 77.200
1238 1231 117.503
1238 1200 119.322
1239 2128 14.837
1239 1243 12.247
1239 1242 16.236
1240 2128 20.216
1241 1198 9.284
1241 1197 30.216
1241 1242 17.534
1242 1239 16.236
1242 1241 17.534
1243 1253 14.719
1243 1239 12.247
1244 1245 144.501
1244 1253 80.256
1245 1246 17.251
1245 1244 144.501
1246 1247 14.213
1246 1245 17.251
1247 1248 17.295
1247 1246 14.213
1248 1249 24.432
1248 1247 17.295
1249 1250 22.967
1249 1248 24.432
1250 1251 37.859
1250 1249 22.967
1251 1250 37.859
1252 1197 50.404
1252 1196 7.230
1253 1244 80.256
1253 1243 14.719
1254 1196 23.995
1254 1195 31.273
1255 1195 49.946
1255 1194 59.741
1256 1257 74.300
1256 1261 48.065
1257 1258 30.731
1257 1256 74.300
1258 1257 30.731
1258 1259 28.558
1258 2071 8.566
1258 1200 9.431
1259 1260 138.295
1259 1258 28.558
1260 1259 138.295
1261 1256 48.065
1262 1194 85.158
1262 1193 113.939
1263 1264 16.134
1264 1265 50.420
1264 1263 16.134
1265 1203 13.730
1265 1264 50.420
1266 1289 6.148
1266 1203 5.280
1267 1268 22.063
1267 1289 6.191
1268 1193 55.424
1268 1267 22.063
1269 129 49.545
1269 1085 6.489
1270 1271 31.295
1270 144 72.105
1271 445 68.853
1271 1270 31.295
1272 465 17.502
1272 1175 34.806
1273 1175 41.479
1273 107 163.532
1274 151 24.475
1275 1086 74.006
1275 111 41.150
1276 111 51.383
1276 151 75.288
1277 1278 80.439
1277 129 109.162
1278 124 105.581
1278 1277 80.439
1279 157 27.019
1279 1086 114.233
1280 152 59.360
1280 157 6.791
1281 86 7.904
1281 78 24.776
1282 70 16.382
1282 79 10.189
1283 65 18.179
1283 70 9.610
1284 68 24.652
1284 64 15.662
1285 106 15.084
1285 105 26.364
1286 92 17.978
1286 99 10.995
1287 101 10.775
1287 98 11.822
1288 46 34.962
1288 44 39.027
1289 1267 6.191
1289 1266 6.148
1290 1084 29.411
1290 1083 3.601
1291 1711 11.951
1291 1712 11.864
1292 1293 9.395
1292 1710 6.311
1293 1294 9.174
1293 1292 9.395
1294 1295 13.266
1294 1293 9.174
1295 1296 8.099
1295 1294 13.266
1296 1297 15.815
1296 1295 8.099
1297 1709 14.043
1297 1296 15.815
1298 1708 18.987
1298 1709 18.888
1299 1300 6.435
1299 1708 14.166
1300 1301 8.835
1300 1299 6.435
1301 1302 12.113
1301 1300 8.835
1302 1301 12.113
1302 831 14.786
1303 1078 20.714
1303 1706 9.460
1303 831 51.312
1304 146 58.972
1304 179 37.250
1304 1305 7.605
1305 549 5.956
1305 1304 7.605
1306 1307 9.256
1306 223 14.004
1307 57 52.900
1307 1306 9.256
1308 1309 42.458
1309 108 17.750
1309 1308 42.458
1310 361 9.510
1310 1312 2.862
1311 360 97.288
1311 361 10.796
1312 1310 2.862
1312 323 4.553
1313 658 8.843
1313 659 7.233
1314 1315 28.111
1314 365 8.747
1315 1316 12.394
1315 1314 28.111
1316 342 7.526
1316 1315 12.394
1317 1318 16.139
1317 365 5.540
1318 363 32.407
1318 1317 16.139
1319 1320 17.759
1319 2134 12.841
1320 351 22.629
1320 1319 17.759
1321 370 30.269
1321 320 70.420
1322 301 23.672
1322 1984 5.694
1323 112 93.779
1323 126 17.099
1324 1381 8.229
1324 1380 8.228
1325 2136 59.797
1325 692 64.681
1326 2154 13.442
1326 660 20.286
1327 1636 46.000
1328 185 3.033
1328 191 11.170
1328 607 25.082
1329 242 15.978
1329 243 18.191
1330 573 13.977
1330 572 15.780
1331 1332 35.467
1331 645 15.478
1332 1333 20.918
1332 1331 35.467
1333 646 9.488
1333 1332 20.918
1334 648 17.989
1334 647 16.420
1335 1336 7.408
1335 576 7.400
1336 1742 6.924
1336 1335 7.408
1337 304 30.606
1337 305 33.970
1338 1339 116.503
1338 304 36.591
1339 303 97.586
1339 1338 116.503
1340 773 86.677
1340 252 45.751
1340 1341 36.019
1341 1340 36.019
1341 1342 31.048
1342 1341 31.048
1342 1343 16.933
1343 1342 16.933
1343 1344 20.202
1344 1343 20.202
1344 1444 6.969
1345 1346 33.023
1345 1444 24.195
1346 1345 33.023
1346 1347 8.925
1347 1346 8.925
1347 1348 43.637
1348 1347 43.637
1348 303 23.766
1349 355 57.297
1349 1219 18.959
1350 136 65.845
1350 114 11.323
1351 114 6.280
1351 1362 47.959
1352 135 9.168
1352 588 8.781
1353 591 10.447
1353 150 6.527
1354 176 41.101
1354 108 14.439
1355 1361 10.321
1355 7 10.315
1356 457 10.388
1356 1361 10.391
1357 1360 13.352
1357 159 13.351
1358 671 10.112
1358 6 10.113
1359 159 19.111
1359 457 19.109
1360 6 13.348
1360 1357 13.352
1361 1356 10.391
1361 1355 10.321
1362 1351 47.959
1362 135 6.213
1363 135 12.369
1363 589 62.051
1364 1367 63.671
1364 1199 165.122
1365 1366 14.339
1365 1367 14.344
1366 468 14.339
1366 1365 14.339
1367 1365 14.344
1367 1364 63.671
1368 1369 10.767
1368 147 10.759
1369 109 10.774
1369 1368 10.767
1370 1204 13.219
1370 109 8.995
1371 132 8.809
1371 1204 7.173
1372 584 3.698
1372 585 3.697
1373 1374 4.330
1373 584 4.328
1374 583 4.325
1374 1373 4.330
1375 138 11.286
1375 1376 10.282
1376 1375 10.282
1376 592 54.943
1377 113 89.499
1377 155 7.166
1378 16 8.206
1378 1383 8.207
1379 3 8.207
1379 458 8.198
1380 1324 8.228
1380 3 8.234
1381 1382 8.226
1381 1324 8.229
1382 17 8.230
1382 1381 8.226
1383 1378 8.207
1383 4 6.160
1384 679 9.571
1384 678 20.890
1385 1386 4.835
1385 134 4.827
1386 1388 4.823
1386 1385 4.835
1387 139 4.491
1387 1388 4.507
1388 1387 4.507
1388 1386 4.823
1389 588 85.076
1389 125 9.471
1390 1391 3.735
1390 683 3.727
1391 682 3.728
1391 1390 3.735
1392 686 4.302
1392 685 4.304
1393 1394 4.707
1393 887 121.368
1394 1395 4.707
1394 1393 4.707
1394 2176 11.398
1395 258 4.712
1395 1394 4.707
1396 880 17.185
1396 879 16.929
1397 1025 5.063
1397 266 19.197
1398 261 4.814
1398 1025 4.814
1399 1400 7.055
1399 261 4.814
1400 260 7.069
1400 1399 7.055
1401 1402 6.402
1401 260 6.406
1402 264 6.394
1402 1401 6.402
1403 284 16.202
1403 516 35.449
1404 283 5.870
1404 1407 5.864
1405 1406 7.856
1405 284 7.855
1406 517 7.860
1406 1405 7.856
1407 1404 5.864
1407 517 5.868
1408 282 7.222
1408 518 7.217
1409 1410 1.350
1409 916 1.352
1410 917 1.348
1410 1409 1.350
1411 1412 2.138
1411 917 2.126
1412 901 29.566
1412 1411 2.138
1413 2013 67.420
1413 892 9.497
1414 889 4.095
1414 891 4.098
1415 892 15.407
1415 869 3.939
1416 890 19.288
1416 280 43.055
1417 296 11.993
1417 900 14.355
1418 714 42.591
1418 713 70.583
1418 896 45.491
1419 859 11.224
1419 858 11.248
1420 1429 2.633
1420 856 2.633
1421 855 1.646
1421 1423 1.633
1422 856 2.628
1422 855 1.810
1423 1421 1.633
1423 1424 8.375
1424 886 34.535
1424 854 23.375
1424 1423 8.375
1425 858 10.149
1425 857 10.458
1426 857 4.587
1426 883 4.401
1427 882 4.036
1427 895 3.454
1428 884 5.804
1428 857 9.378
1429 1430 2.625
1429 1420 2.633
1430 857 2.671
1430 1429 2.625
1431 54 14.893
1431 222 14.888
1432 2119 16.921
1432 2118 12.295
1433 1434 3.307
1433 1006 3.310
1434 1007 3.309
1434 1433 3.307
1435 1436 4.368
1435 1007 4.361
1436 1008 8.160
1436 1435 4.368
1437 1010 3.582
1437 1009 3.590
1438 1439 3.076
1438 1011 3.061
1439 1017 3.064
1439 1438 3.076
1440 1004 19.938
1440 1017 67.263
1441 55 16.415
1441 1943 1.963
1442 153 5.128
1442 122 5.127
1443 587 2.974
1443 153 2.969
1444 1344 6.969
1444 1345 24.195
1445 785 7.350
1445 50 10.435
1446 1447 4.263
1446 240 10.777
1447 239 4.263
1447 1446 4.263
1448 238 4.574
1448 239 4.567
1449 237 4.568
1449 238 4.567
1450 226 11.376
1450 227 11.373
1451 223 8.342
1451 224 41.852
1452 1459 21.684
1453 1455 15.575
1453 621 15.574
1454 193 15.986
1454 1455 15.987
1455 1454 15.987
1455 1453 15.575
1456 619 2.043
1456 1459 2.045
1457 1458 2.425
1457 1635 1.229
1458 620 3.625
1458 1457 2.425
1459 1456 2.045
1459 1452 21.684
1460 293 5.938
1460 1461 30.288
1461 1460 30.288
1461 214 5.716
1462 1962 1.416
1462 211 5.549
1463 208 9.766
1463 209 9.533
1464 206 11.919
1464 1861 3.322
1465 1467 8.888
1465 1468 8.893
1466 300 9.240
1466 1467 9.231
1467 1466 9.231
1467 1465 8.888
1468 1465 8.893
1468 301 10.050
1469 1481 1.482
1469 1471 1.474
1470 1472 1.245
1470 1481 1.249
1471 1469 1.474
1471 1480 19.126
1472 1482 5.863
1472 1470 1.245
1473 1480 2.296
1473 1479 2.453
1474 1478 2.305
1474 1702 17.019
1475 1479 8.537
1475 1478 1.954
1476 1477 40.424
1476 1914 2.735
1477 1702 9.392
1477 1476 40.424
1478 1475 1.954
1478 1474 2.305
1478 1494 2.024
1479 1473 2.453
1479 1475 8.537
1480 1471 19.126
1480 1473 2.296
1481 1470 1.249
1481 1469 1.482
1482 1912 31.829
1482 1472 5.863
1483 1700 49.108
1483 185 25.223
1483 1912 9.680
1484 1966 3.635
1484 1972 7.788
1485 1486 17.144
1485 1498 7.058
1485 1487 7.454
1486 1485 17.144
1486 1489 6.759
1486 1488 6.194
1487 1488 10.098
1487 1485 7.454
1487 1497 1.832
1488 1486 6.194
1488 1487 10.098
1489 1490 3.989
1489 1486 6.759
1490 1489 3.989
1490 1968 10.137
1490 1973 2.903
1491 1493 13.931
1491 1492 8.383
1491 1969 12.178
1492 1491 8.383
1492 1779 16.484
1493 1972 20.391
1493 1491 13.931
1494 1495 32.446
1494 1478 2.024
1495 1496 23.685
1495 1494 32.446
1496 1497 16.354
1496 1495 23.685
1496 1784 30.304
1497 1487 1.832
1497 1496 16.354
1498 1774 5.333
1498 1485 7.058
1499 1926 17.211
1499 1985 26.008
1500 1985 4.575
1500 1636 2.982
1501 1505 41.584
1501 1992 21.134
1502 1504 2.926
1502 1693 1.202
1503 1506 2.581
1503 1504 2.582
1504 1503 2.582
1504 1502 2.926
1505 1693 1.717
1505 1501 41.584
1506 1507 10.685
1506 1503 2.581
1507 241 5.513
1507 1506 10.685
1508 1948 14.883
1509 1950 12.146
1510 1523 1.547
1510 1518 1.542
1511 1518 1.556
1511 1524 1.558
1512 1516 1.553
1512 1520 1.562
1513 1519 1.524
1513 1516 1.563
1513 1953 3.221
1514 1521 1.544
1514 1517 1.551
1515 1517 1.553
1515 1522 1.553
1516 1513 1.563
1516 1512 1.553
1517 1514 1.551
1517 1515 1.553
1518 1510 1.542
1518 1511 1.556
1519 293 10.485
1519 1513 1.524
1520 1512 1.562
1520 1523 25.790
1521 1524 6.487
1521 1514 1.544
1522 1525 12.612
1522 1515 1.553
1523 1520 25.790
1523 1510 1.547
1524 1511 1.558
1524 1521 6.487
1525 1522 12.612
1525 1895 3.309
1526 717 17.315
1526 716 27.065
1527 718 4.064
1527 1529 4.067
1528 1530 4.566
1528 718 4.573
1529 1527 4.067
1529 724 80.612
1530 721 17.781
1530 1528 4.566
1531 1532 10.134
1531 771 11.235
1532 772 31.852
1532 1531 10.134
1533 719 12.498
1533 768 12.481
1534 763 13.935
1534 762 14.112
1535 762 11.377
1535 761 8.237
1536 753 47.657
1536 752 35.169
1537 752 29.860
1537 751 31.039
1538 745 20.836
1538 744 13.310
1539 1540 1.504
1540 1541 5.197
1540 1539 1.504
1541 1542 3.784
1541 1540 5.197
1542 1543 5.269
1542 1541 3.784
1543 836 3.423
1543 1542 5.269
1544 838 8.114
1544 837 8.036
1545 841 12.366
1545 840 11.277
1546 851 6.978
1546 850 15.082
1547 1548 14.333
1547 797 10.302
1548 798 6.142
1548 1547 14.333
1549 1550 8.120
1549 832 8.106
1550 833 8.106
1550 1549 8.120
1551 1552 9.540
1551 833 9.549
1552 834 9.555
1552 1551 9.540
1553 1730 3.650
1553 819 7.305
1554 820 5.844
1554 812 6.450
1555 817 21.799
1555 1731 9.028
1556 810 8.246
1556 809 51.396
1557 812 12.790
1557 811 25.573
1558 818 13.595
1558 817 13.587
1559 830 11.358
1559 829 8.846
1560 1561 20.812
1560 1623 9.360
1561 825 11.185
1561 1560 20.812
1562 828 10.578
1562 843 10.917
1563 1564 1.871
1563 1054 7.406
1564 1569 1.866
1564 1563 1.871
1565 1570 1.339
1565 1571 1.335
1566 1054 3.965
1566 1567 3.962
1567 1566 3.962
1567 1572 13.122
1568 1056 5.904
1568 1055 5.566
1569 1571 1.863
1569 1564 1.866
1570 1055 2.662
1570 1565 1.339
1571 1565 1.335
1571 1569 1.863
1572 1567 13.122
1572 820 18.861
1573 1034 7.096
1573 1576 6.028
1574 1575 9.842
1574 1035 10.652
1575 843 13.115
1575 1574 9.842
1576 1573 6.028
1576 1033 14.072
1577 809 17.420
1577 808 12.113
1578 794 8.575
1578 793 12.544
1579 1580 19.070
1579 51 125.894
1580 1581 8.675
1580 1579 19.070
1581 52 25.598
1581 1580 8.675
1582 733 3.192
1582 732 3.187
1583 1584 2.945
1583 733 2.939
1584 1585 2.951
1584 1583 2.945
1585 734 10.582
1585 1584 2.951
1586 751 7.190
1586 750 8.738
1587 750 9.615
1587 749 14.177
1588 749 9.152
1588 748 8.886
1589 872 22.469
1589 1024 22.514
1590 1591 4.362
1590 268 4.346
1591 267 7.341
1591 1590 4.362
1592 520 2.802
1592 519 2.799
1593 521 2.854
1593 520 2.804
1594 1595 2.857
1594 521 2.865
1595 269 2.856
1595 1594 2.857
1596 275 22.671
1596 265 25.729
1597 1598 2.342
1597 1601 2.340
1598 262 2.340
1598 1597 2.342
1599 1600 2.302
1599 262 2.292
1600 266 10.009
1600 1599 2.302
1601 1597 2.340
1601 263 4.738
1602 869 6.641
1602 868 13.073
1602 1603 6.517
1603 1604 8.559
1603 1602 6.517
1604 1605 5.197
1604 1603 8.559
1605 1606 6.517
1605 1604 5.197
1606 1607 4.827
1606 1605 6.517
1607 1608 5.675
1607 1606 4.827
1608 1609 9.637
1608 1607 5.675
1609 1610 8.999
1609 1608 9.637
1610 1611 5.220
1610 1609 8.999
1611 1612 6.810
1611 1610 5.220
1612 1613 11.419
1612 1611 6.810
1613 1614 5.936
1613 1612 11.419
1614 1615 7.035
1614 1613 5.936
1615 1616 9.995
1615 1614 7.035
1616 1617 11.700
1616 1615 9.995
1617 1618 10.912
1617 1616 11.700
1618 1619 8.092
1618 1617 10.912
1619 1620 8.415
1619 1618 8.092
1620 1621 7.660
1620 1619 8.415
1621 1622 14.042
1621 1620 7.660
1622 1623 10.003
1622 1621 14.042
1623 1622 10.003
1623 1560 9.360
1623 292 4.057
1624 1064 14.087
1624 1063 14.284
1625 1042 10.529
1625 1041 10.797
1626 242 14.613
1626 213 37.279
1626 1630 3.977
1626 1629 15.141
1627 1890 5.631
1627 1628 24.873
1628 1629 29.316
1628 1889 10.117
1628 1627 24.873
1628 1898 6.061
1629 1626 15.141
1629 1628 29.316
1630 1937 13.421
1630 1626 3.977
1631 1868 26.642
1631 1870 33.032
1631 1931 25.342
1632 1798 7.296
1633 1950 17.433
1633 1948 17.411
1633 1949 17.401
1633 1798 31.686
1634 1882 50.323
1634 1873 36.861
1634 1938 39.461
1634 1949 28.346
1635 1457 1.229
1635 619 1.193
1636 1500 2.982
1636 1327 46.000
1637 1657 4.381
1637 1656 8.310
1638 1647 39.641
1638 1648 1.197
1639 1649 1.389
1639 1641 1.382
1640 1648 1.208
1640 1649 1.202
1641 1639 1.382
1641 1650 11.423
1642 1651 1.613
1642 1644 1.607
1643 1650 1.640
1643 1651 1.662
1644 1642 1.607
1644 1652 31.995
1645 1652 1.530
1645 1653 1.540
1646 1654 1.806
1646 1647 15.937
1647 1646 15.937
1647 1655 5.784
1647 1638 39.641
1648 1638 1.197
1648 1640 1.208
1649 1640 1.202
1649 1639 1.389
1650 1641 11.423
1650 1643 1.640
1651 1643 1.662
1651 1642 1.613
1652 1645 1.530
1652 1644 31.995
1653 1645 1.540
1653 1654 1.824
1654 1653 1.824
1654 1646 1.806
1655 1647 5.784
1655 1657 13.106
1656 257 6.758
1656 904 80.685
1656 1637 8.310
1657 1655 13.106
1657 1637 4.381
1658 1662 2.850
1658 1660 13.280
1659 1661 9.476
1659 1662 3.675
1660 1658 13.280
1660 1691 3.456
1660 1687 17.061
1661 302 55.832
1661 236 33.176
1661 1659 9.476
1662 1658 2.850
1662 1659 3.675
1662 1692 20.058
1663 1664 29.000
1663 1666 2.850
1664 1663 29.000
1664 1668 2.139
1665 1685 28.850
1665 1669 2.139
1666 1684 17.125
1666 1663 2.850
1666 1667 12.843
1666 1692 20.000
1667 236 6.875
1667 237 14.772
1667 1666 12.843
1668 1669 20.129
1668 1688 43.499
1668 1664 2.139
1669 1665 2.139
1669 1693 81.019
1669 1668 20.129
1670 1686 10.279
1670 1692 2.850
1671 1686 0.324
1671 1678 0.813
1672 1684 1.129
1672 1683 1.136
1673 1683 1.128
1673 1685 1.134
1674 1680 1.139
1674 1689 1.134
1675 1688 1.139
1675 1680 1.125
1676 1690 1.137
1676 1681 1.127
1677 1681 1.138
1677 1691 1.126
1678 1682 1.125
1678 1671 0.813
1679 1687 1.129
1679 1682 1.128
1680 1675 1.125
1680 1674 1.139
1681 1676 1.127
1681 1677 1.138
1682 1679 1.128
1682 1678 1.125
1683 1672 1.136
1683 1673 1.128
1684 1666 17.125
1684 1672 1.129
1685 1673 1.134
1685 1665 28.850
1686 1671 0.324
1686 1670 10.279
1687 1660 17.061
1687 1679 1.129
1688 1668 43.499
1688 1675 1.139
1688 1881 34.337
1689 1674 1.134
1689 1690 11.858
1690 1689 11.858
1690 1676 1.137
1691 1677 1.126
1691 1660 3.456
1692 1670 2.850
1692 1662 20.058
1692 1666 20.000
1693 1502 1.202
1693 1505 1.717
1693 1669 81.019
1694 1697 22.354
1694 1780 4.732
1695 1698 2.806
1695 1697 2.805
1696 1699 2.884
1696 1698 2.888
1697 1694 22.354
1697 1695 2.805
1698 1696 2.888
1698 1695 2.806
1699 1700 7.837
1699 1696 2.884
1700 1781 53.656
1700 1483 49.108
1700 1699 7.837
1701 593 1.447
1701 300 30.169
1701 1705 4.413
1702 1474 17.019
1702 1477 9.392
1702 1918 37.368
1703 1704 77.682
1703 1918 3.321
1704 1767 9.569
1704 1703 77.682
1705 1701 4.413
1705 1773 50.983
1706 1303 9.460
1706 1023 9.176
1706 1707 19.378
1707 1716 3.328
1707 1706 19.378
1708 1299 14.166
1708 1298 18.987
1709 1298 18.888
1709 1297 14.043
1710 1292 6.311
1710 1711 6.049
1711 1710 6.049
1711 1291 11.951
1712 1291 11.864
1712 1714 8.665
1713 1714 6.205
1713 1715 6.199
1714 1712 8.665
1714 1713 6.205
1715 1713 6.199
1715 1716 25.992
1716 1715 25.992
1716 1707 3.328
1717 1723 2.364
1717 1722 2.361
1718 1719 2.578
1718 1723 2.581
1719 1724 2.584
1719 1718 2.578
1720 1721 8.042
1721 1722 3.215
1721 1720 8.042
1722 1717 2.361
1722 1721 3.215
1723 1718 2.581
1723 1717 2.364
1724 1725 5.062
1724 1719 2.584
1725 1726 13.286
1725 1724 5.062
1726 1727 12.835
1726 1725 13.286
1727 1728 8.702
1727 1726 12.835
1728 1729 11.493
1728 1727 8.702
1729 1730 12.536
1729 1728 11.493
1730 812 3.657
1730 1553 3.650
1730 1729 12.536
1731 1555 9.028
1731 789 8.762
1732 1733 28.279
1733 888 51.323
1733 2166 27.791
1733 1732 28.279
1734 211 26.313
1734 1735 28.055
1735 245 12.702
1735 1734 28.055
1736 452 30.872
1736 18 34.435
1736 1000 11.579
1737 1004 34.957
1737 1003 10.211
1738 996 32.340
1738 982 28.393
1739 470 43.207
1739 356 42.560
1740 1741 6.400
1740 575 6.408
1741 648 6.394
1741 1740 6.400
1742 577 6.922
1742 1336 6.924
1743 188 2.838
1743 189 33.781
1744 1747 2.848
1744 188 2.840
1745 1746 2.557
1745 1747 2.560
1746 187 2.562
1746 1745 2.557
1747 1745 2.560
1747 1744 2.848
1748 186 2.782
1748 1751 2.783
1749 1750 2.268
1749 186 2.274
1750 1752 15.626
1750 1749 2.268
1751 1748 2.783
1751 187 33.861
1752 1750 15.626
1752 1754 19.128
1752 1753 36.736
1753 1752 36.736
1754 1755 26.528
1754 1752 19.128
1755 1756 40.693
1755 1754 26.528
1756 1755 40.693
1757 1758 48.791
1757 1765 19.963
1757 1935 2.165
1758 1757 48.791
1758 1868 72.222
1758 1937 1.785
1759 1761 1.543
1759 1762 1.558
1760 1763 1.546
1760 1761 1.549
1761 1760 1.549
1761 1759 1.543
1762 1759 1.558
1762 1764 30.156
1763 1934 1.441
1763 1760 1.546
1764 1762 30.156
1765 211 18.302
1765 212 16.029
1765 1757 19.963
1766 1771 41.771
1767 1773 33.195
1767 1704 9.569
1767 1768 10.271
1768 1769 12.888
1768 1767 10.271
1769 1770 15.291
1769 1768 12.888
1770 1771 5.639
1770 1769 15.291
1770 1920 10.443
1771 1766 41.771
1771 1772 27.751
1771 1770 5.639
1772 1773 9.812
1772 1771 27.751
1773 1705 50.983
1773 1767 33.195
1773 1772 9.812
1774 1498 5.333
1774 1776 17.109
1774 1778 40.165
1775 1916 31.399
1775 1966 15.366
1775 1778 15.519
1775 1967 16.843
1776 1774 17.109
1777 1967 4.895
1777 1965 4.881
1777 1966 15.246
1778 1774 40.165
1778 1775 15.519
1779 1492 16.484
1780 1694 4.732
1780 1784 13.078
1780 1783 10.927
1781 241 121.570
1781 1700 53.656
1781 1782 22.152
1782 1970 15.879
1782 1781 22.152
1782 1971 8.534
1783 1780 10.927
1783 1970 2.425
1784 1496 30.304
1784 1780 13.078
1785 1789 1.553
1785 1794 1.541
1786 1794 1.553
1786 1790 1.542
1786 1892 3.868
1787 1793 1.547
1787 1792 1.545
1788 1791 1.553
1788 1806 0.539
1789 1805 6.699
1789 1785 1.553
1790 1786 1.542
1790 1791 18.412
1791 1790 18.412
1791 1788 1.553
1792 1787 1.545
1792 295 13.996
1793 1806 1.012
1793 1787 1.547
1794 1785 1.541
1794 1786 1.553
1795 297 23.899
1795 295 2.500
1795 726 6.137
1796 1936 26.773
1796 1896 13.525
1797 1896 5.203
1797 2005 17.557
1798 1947 44.345
1798 1932 57.158
1798 1633 31.686
1798 1632 7.296
1799 1946 25.336
1799 1887 10.456
1800 1802 7.174
1800 1946 20.815
1800 1801 5.051
1801 1802 5.035
1801 1800 5.051
1801 1870 18.325
1802 1869 9.356
1802 1800 7.174
1802 1801 5.035
1803 1867 13.544
1803 1869 2.314
1804 213 13.181
1804 1936 1.848
1805 297 7.291
1805 1789 6.699
1806 1788 0.539
1806 1793 1.012
1807 368 10.069
1807 124 10.074
1808 123 8.751
1808 1811 8.760
1809 1810 9.343
1809 1813 9.333
1810 116 9.332
1810 1809 9.343
1811 1808 8.760
1811 368 8.753
1812 1813 9.336
1812 369 9.334
1813 1809 9.333
1813 1812 9.336
1814 580 109.902
1814 459 460.572
1815 1816 4.139
1815 580 4.142
1816 581 4.139
1816 1815 4.139
1817 582 4.570
1817 581 4.561
1818 998 6.064
1818 997 6.061
1819 999 4.049
1819 998 4.051
1820 19 11.196
1820 454 11.192
1821 456 12.320
1821 455 12.328
1822 180 14.497
1822 456 14.505
1822 2118 9.794
1823 1824 57.367
1824 1825 194.406
1824 1823 57.367
1825 1826 101.026
1825 1824 194.406
1826 1827 120.501
1826 1825 101.026
1827 1828 98.122
1827 1826 120.501
1828 1829 18.631
1828 1827 98.122
1829 1830 15.345
1829 1828 18.631
1830 1831 99.504
1830 1829 15.345
1831 1832 370.672
1831 1830 99.504
1832 1833 82.178
1832 1831 370.672
1833 1834 24.549
1833 1832 82.178
1834 1835 568.733
1834 1833 24.549
1835 1836 8.483
1835 1834 568.733
1836 1837 6.410
1836 1835 8.483
1837 1838 259.028
1837 1836 6.410
1838 1839 3.368
1838 1837 259.028
1839 1840 13.547
1839 1838 3.368
1840 1841 7.534
1840 1839 13.547
1841 1842 114.759
1841 1840 7.534
1842 1843 6.067
1842 1841 114.759
1843 1844 37.072
1843 1842 6.067
1844 1845 8.029
1844 1843 37.072
1845 1846 5.510
1845 1844 8.029
1846 1847 53.744
1846 1845 5.510
1847 1848 7.837
1847 1846 53.744
1848 1849 94.654
1848 1847 7.837
1849 1850 20.147
1849 1848 94.654
1850 1851 5.167
1850 1849 20.147
1851 1852 5.482
1851 1850 5.167
1852 1853 100.209
1852 1851 5.482
1853 1854 37.805
1853 1852 100.209
1854 1855 61.414
1854 1853 37.805
1855 971 36.406
1855 1854 61.414
1856 1858 1.547
1856 1859 1.551
1857 1860 1.553
1857 1858 1.552
1858 1857 1.552
1858 1856 1.547
1859 1856 1.551
1859 1888 30.601
1860 1862 10.314
1860 1857 1.553
1861 1464 3.322
1861 207 4.571
1861 1888 14.956
1862 1860 10.314
1863 639 14.894
1863 638 19.590
1864 635 2.736
1864 634 2.743
1865 1866 2.277
1865 636 2.280
1866 637 2.278
1866 1865 2.277
1867 2005 12.319
1867 1803 13.544
1867 1868 42.999
1868 1631 26.642
1868 1758 72.222
1868 1867 42.999
1869 1803 2.314
1869 1802 9.356
1869 1870 16.452
1870 1801 18.325
1870 1869 16.452
1870 1631 33.032
1871 1872 11.241
1871 1875 63.274
1871 1874 44.596
1872 1871 11.241
1873 1874 16.835
1873 1634 36.861
1874 1871 44.596
1874 1873 16.835
1875 1965 28.798
1875 1871 63.274
1875 1876 23.242
1876 1875 23.242
1877 1883 8.874
1877 1879 7.066
1877 1997 24.918
1877 1878 15.088
1878 1877 15.088
1878 1883 18.485
1878 1882 29.043
1879 1877 7.066
1880 1997 16.672
1881 1688 34.337
1881 1884 80.567
1882 1886 1.073
1882 1634 50.323
1882 1878 29.043
1883 1877 8.874
1883 1884 7.379
1883 1878 18.485
1883 1939 42.264
1884 1881 80.567
1884 1883 7.379
1885 223 38.840
1885 1901 49.314
1886 1900 79.093
1886 1882 1.073
1886 1942 70.418
1887 1799 10.456
1887 1947 7.026
1887 1942 6.859
1888 1859 30.601
1888 1861 14.956
1889 1628 10.117
1890 1627 5.631
1890 213 13.052
1890 1891 5.588
1891 1890 5.588
1891 1894 15.611
1892 1960 1.838
1892 1786 3.868
1893 1894 24.025
1893 1960 9.759
1894 1891 15.611
1894 1893 24.025
1894 1954 21.617
1895 1525 3.309
1895 293 13.859
1895 1896 51.282
1896 1796 13.525
1896 1797 5.203
1896 1895 51.282
1897 243 4.006
1897 244 1.849
1897 1899 17.706
1898 1899 12.215
1898 1628 6.061
1899 1897 17.706
1899 1898 12.215
1900 1901 68.448
1900 1886 79.093
1901 1885 49.314
1901 257 5.527
1901 1900 68.448
1902 1904 2.781
1902 1910 2.782
1903 189 2.965
1903 1904 2.963
1904 1903 2.963
1904 1902 2.781
1905 1906 3.249
1905 190 3.256
1906 1908 3.254
1906 1905 3.249
1907 1910 3.709
1907 1908 3.728
1908 1907 3.728
1908 1906 3.254
1909 190 30.394
1909 185 28.000
1910 1902 2.782
1910 1907 3.709
1910 1911 70.054
1911 1910 70.054
1912 1483 9.680
1912 1482 31.829
1912 1913 36.252
1913 1912 36.252
1914 1476 2.735
1914 1915 3.939
1915 1914 3.939
1915 1917 15.312
1916 1980 25.250
1916 1775 31.399
1916 1981 18.585
1917 1915 15.312
1917 1981 30.446
1918 1703 3.321
1918 1702 37.368
1918 1923 47.150
1919 1922 20.704
1919 1923 11.835
1920 1770 10.443
1920 1921 12.571
1921 1920 12.571
1921 1922 7.417
1922 1921 7.417
1922 1919 20.704
1923 1919 11.835
1923 1918 47.150
1924 1930 24.963
1924 1926 24.719
1924 1925 17.655
1925 1930 17.703
1925 1924 17.655
1926 1986 0.552
1926 1499 17.211
1926 1924 24.719
1927 1931 7.827
1927 1928 29.834
1927 1932 27.804
1928 1927 29.834
1928 1929 19.323
1929 1928 19.323
1929 1930 4.555
1930 1924 24.963
1930 1929 4.555
1930 1925 17.703
1931 1631 25.342
1931 1927 7.827
1932 1798 57.158
1932 1933 8.329
1932 1927 27.804
1933 1932 8.329
1934 1763 1.441
1934 1935 35.502
1935 1934 35.502
1935 1757 2.165
1936 1804 1.848
1936 1796 26.773
1936 1937 36.900
1937 1758 1.785
1937 1630 13.421
1937 1936 36.900
1938 1939 11.480
1938 1634 39.461
1939 1883 42.264
1939 1938 11.480
1940 1945 9.137
1941 1945 41.834
1941 1942 85.000
1942 1887 6.859
1942 1886 70.418
1942 1941 85.000
1943 1441 1.963
1943 894 12.142
1943 1944 6.273
1944 1943 6.273
1944 1945 54.567
1945 1940 9.137
1945 1944 54.567
1945 1941 41.834
1946 1800 20.815
1946 1799 25.336
1946 1947 18.331
1947 1887 7.026
1947 1798 44.345
1947 1946 18.331
1948 1633 17.411
1948 1508 14.883
1948 1949 24.625
1949 1634 28.346
1949 1633 17.401
1949 1950 24.629
1949 1948 24.625
1950 1509 12.146
1950 1633 17.433
1950 1949 24.629
1951 217 2.325
1951 218 13.168
1951 1952 29.053
1952 1953 20.215
1952 1951 29.053
1953 1513 3.221
1953 1952 20.215
1954 1957 5.541
1954 1956 8.981
1954 1894 21.617
1955 294 15.802
1955 297 30.566
1955 1956 4.592
1956 1954 8.981
1956 1955 4.592
1957 1958 7.760
1957 1954 5.541
1958 1959 12.367
1958 1957 7.760
1959 1960 2.845
1959 1958 12.367
1960 1893 9.759
1960 1892 1.838
1960 1959 2.845
1961 246 55.801
1961 1963 13.334
1961 1964 10.866
1962 210 5.048
1962 1462 1.416
1962 1963 15.410
1963 1962 15.410
1963 1961 13.334
1964 1961 10.866
1965 1967 6.878
1965 1875 28.798
1965 1777 4.881
1966 1775 15.366
1966 1484 3.635
1966 1777 15.246
1967 1775 16.843
1967 1777 4.895
1967 1965 6.878
1968 1490 10.137
1968 1969 14.419
1968 1971 38.727
1969 1491 12.178
1969 1973 7.262
1969 1968 14.419
1970 1783 2.425
1970 1782 15.879
1970 1971 13.174
1971 1968 38.727
1971 1970 13.174
1971 1782 8.534
1972 1484 7.788
1972 1493 20.391
1972 1978 19.116
1972 1992 14.257
1973 1969 7.262
1973 1490 2.903
1973 1974 5.628
1974 1973 5.628
1974 1975 2.330
1975 1974 2.330
1975 1976 3.506
1976 1975 3.506
1976 1977 13.203
1977 1976 13.203
1977 1978 9.190
1978 1977 9.190
1978 1972 19.116
1979 1980 4.020
1979 1983 19.951
1979 1981 16.810
1980 1916 25.250
1980 1990 36.428
1980 1979 4.020
1981 1917 30.446
1981 1916 18.585
1981 1979 16.810
1982 1983 30.004
1983 1982 30.004
1983 1979 19.951
1984 1988 3.631
1984 1322 5.694
1985 1499 26.008
1985 1500 4.575
1985 1991 43.405
1986 301 7.321
1986 1926 0.552
1986 1987 30.054
1987 1986 30.054
1987 1988 2.397
1988 1984 3.631
1988 1987 2.397
1988 1989 18.348
1989 1988 18.348
1989 1990 31.815
1990 1980 36.428
1990 1989 31.815
1990 1991 13.115
1991 1990 13.115
1991 1985 43.405
1992 1501 21.134
1992 1972 14.257
1993 2000 5.900
1993 1999 5.905
1994 1995 5.151
1994 1997 5.168
1995 1998 5.163
1995 1994 5.151
1996 1999 4.811
1996 1998 4.809
1997 1880 16.672
1997 1877 24.918
1997 1994 5.168
1998 1996 4.809
1998 1995 5.163
1999 1993 5.905
1999 1996 4.811
2000 2001 23.737
2000 1993 5.900
2001 2000 23.737
2002 224 6.067
2002 225 5.178
2002 2003 47.784
2003 2002 47.784
2004 2005 14.286
2005 1797 17.557
2005 1867 12.319
2005 2004 14.286
2006 2008 21.499
2006 2007 29.851
2006 2012 22.898
2006 2011 21.900
2007 913 3.245
2007 912 3.220
2007 2006 29.851
2008 2006 21.499
2009 2014 21.786
2009 2013 36.734
2009 2016 22.906
2009 2015 21.753
2010 2018 21.824
2010 2017 36.531
2010 2020 22.742
2010 2019 21.899
2011 2006 21.900
2012 2006 22.898
2013 1413 67.420
2013 2067 49.615
2013 2064 49.406
2013 2009 36.734
2014 2009 21.786
2015 2009 21.753
2016 2009 22.906
2017 916 43.178
2017 2067 49.583
2017 2010 36.531
2018 2010 21.824
2019 2010 21.899
2020 2010 22.742
2021 2022 47.597
2022 2023 34.664
2022 2021 47.597
2023 2024 67.998
2023 2022 34.664
2024 2025 32.225
2024 2023 67.998
2025 2026 48.078
2025 2024 32.225
2026 2027 37.818
2026 2025 48.078
2027 2028 45.318
2027 2026 37.818
2028 2029 25.266
2028 2027 45.318
2029 2030 55.093
2029 2028 25.266
2030 2031 16.785
2030 2029 55.093
2031 2032 7.207
2031 2030 16.785
2032 2033 10.926
2032 2031 7.207
2033 2034 13.249
2033 2032 10.926
2034 2035 16.877
2034 2033 13.249
2035 2036 17.455
2035 2034 16.877
2036 2037 21.043
2036 2035 17.455
2037 2038 106.255
2037 2036 21.043
2038 2039 83.651
2038 2037 106.255
2039 2040 17.428
2039 2038 83.651
2040 2041 35.510
2040 2039 17.428
2041 2042 31.291
2041 2040 35.510
2042 2043 17.912
2042 2041 31.291
2043 2044 82.199
2043 2042 17.912
2044 2045 51.591
2044 2043 82.199
2045 2046 23.965
2045 2044 51.591
2046 2047 13.503
2046 2045 23.965
2047 2048 40.308
2047 2046 13.503
2048 2049 65.212
2048 2047 40.308
2049 2050 49.095
2049 2048 65.212
2050 2051 32.307
2050 2049 49.095
2051 2052 36.149
2051 2050 32.307
2052 2053 23.959
2052 2051 36.149
2053 2054 13.416
2053 2052 23.959
2054 37 17.940
2054 2053 13.416
2055 43 23.322
2055 41 21.029
2056 44 21.379
2056 43 21.619
2057 28 35.636
2057 27 66.701
2058 30 16.557
2058 2059 12.112
2059 2058 12.112
2059 29 13.628
2060 462 17.008
2060 31 16.454
2061 2063 22.582
2061 2062 21.995
2061 2064 36.430
2061 2065 23.228
2062 2061 21.995
2063 2061 22.582
2064 2013 49.406
2064 915 43.732
2064 2061 36.430
2065 2061 23.228
2066 2067 36.785
2066 2068 23.138
2066 2070 22.500
2066 2069 22.090
2067 2017 49.583
2067 2013 49.615
2067 2066 36.785
2068 2066 23.138
2069 2066 22.090
2070 2066 22.500
2071 1201 4.640
2071 1258 8.566
2072 540 1.891
2072 539 2.193
2073 2074 2.864
2073 540 14.394
2074 2075 14.430
2074 2073 2.864
2075 2076 3.196
2075 2074 14.430
2076 2077 2.023
2076 2075 3.196
2077 2078 15.836
2077 2076 2.023
2078 537 14.086
2078 539 21.328
2078 2077 15.836
2079 169 12.790
2079 543 40.351
2079 2080 17.617
2080 2081 4.102
2080 2079 17.617
2081 2082 19.515
2081 2080 4.102
2082 2083 10.663
2082 2081 19.515
2083 2084 10.191
2083 2082 10.663
2084 168 42.458
2084 2083 10.191
2085 134 27.794
2085 175 4.165
2086 2087 18.096
2087 2086 18.096
2087 920 20.800
2088 2089 9.138
2088 164 14.455
2088 498 31.568
2089 2090 3.306
2089 2088 9.138
2090 2091 3.671
2090 2089 3.306
2091 2092 18.677
2091 2090 3.671
2092 2093 3.081
2092 2091 18.677
2093 500 3.267
2093 2092 3.081
2094 2095 4.436
2094 2109 9.863
2095 2096 2.934
2095 2094 4.436
2096 2097 17.823
2096 2095 2.934
2097 2096 17.823
2098 919 32.989
2099 2100 27.383
2100 2101 3.861
2100 2099 27.383
2101 2102 4.268
2101 2100 3.861
2102 2105 5.454
2102 2101 4.268
2103 2104 22.572
2104 2105 4.578
2104 2103 22.572
2105 2106 23.804
2105 2104 4.578
2105 2102 5.454
2106 2107 6.908
2106 2105 23.804
2107 2108 4.972
2107 2106 6.908
2108 919 4.180
2108 2107 4.972
2109 162 28.774
2109 919 49.930
2109 2094 9.863
2109 2110 9.073
2110 2111 3.471
2110 2109 9.073
2111 2112 3.686
2111 2110 3.471
2112 1170 22.533
2112 2111 3.686
2113 2114 7.732
2113 302 12.062
2114 2115 15.537
2114 2113 7.732
2115 2116 18.814
2115 2114 15.537
2116 2119 24.333
2116 2115 18.814
2117 456 13.409
2117 2124 18.895
2118 1432 12.295
2118 1822 9.794
2119 2116 24.333
2119 2124 4.882
2119 1432 16.921
2120 2121 21.953
2120 232 21.399
2121 2122 36.355
2121 2120 21.953
2122 2123 21.841
2122 2121 36.355
2123 2124 8.512
2123 2122 21.841
2124 2119 4.882
2124 2117 18.895
2124 2123 8.512
2125 2126 43.841
2125 155 16.075
2126 0 33.671
2126 2125 43.841
2127 22 247.080
2127 446 43.900
2128 1240 20.216
2128 1239 14.837
2129 164 74.760
2129 306 51.063
2130 310 18.032
2130 1089 46.056
2131 403 24.164
2131 1116 22.625
2132 434 8.719
2132 494 8.299
2133 435 5.888
2133 436 6.072
2134 1319 12.841
2134 363 9.315
2135 365 8.684
2135 366 12.296
2136 459 3.245
2136 1325 59.797
2136 2137 23.287
2137 2136 23.287
2137 2138 19.517
2138 2137 19.517
2138 2139 17.194
2139 2138 17.194
2139 2140 19.081
2140 2139 19.081
2140 2141 22.958
2141 2140 22.958
2141 2142 15.027
2142 2141 15.027
2142 2143 12.293
2143 2142 12.293
2143 2144 16.420
2144 2143 16.420
2144 2145 14.624
2145 2144 14.624
2145 2146 8.352
2146 2145 8.352
2146 2147 7.391
2147 2146 7.391
2147 2148 5.728
2148 2147 5.728
2148 2149 7.151
2149 2148 7.151
2149 2150 8.019
2150 2149 8.019
2150 2151 12.465
2151 2150 12.465
2151 2152 7.238
2152 2151 7.238
2152 2153 8.881
2153 2152 8.881
2154 2155 3.264
2154 1326 13.442
2155 117 19.594
2155 2154 3.264
2156 158 8.368
2156 2157 13.557
2157 2156 13.557
2157 2158 13.589
2158 2157 13.589
2158 2159 5.551
2159 2158 5.551
2159 2160 8.634
2160 2159 8.634
2160 2161 13.311
2161 2160 13.311
2161 2162 9.718
2162 2161 9.718
2162 2163 10.098
2163 2162 10.098
2163 2164 8.209
2164 2163 8.209
2164 1012 12.897
2165 2166 44.361
2166 1733 27.791
2166 887 49.968
2166 2165 44.361
2167 270 34.924
2167 271 34.192
2167 2168 38.872
2168 2169 4.677
2168 2167 38.872
2169 2170 6.033
2169 2168 4.677
2170 2171 15.307
2170 2169 6.033
2171 2172 29.759
2171 2170 15.307
2172 2173 23.899
2172 2171 29.759
2173 2174 13.850
2173 2172 23.899
2174 2175 6.919
2174 2173 13.850
2175 2176 4.258
2175 2174 6.919
2176 1394 11.398
2176 2175 4.258
2177 2185 58.747
2177 835 50.037
2177 2178 37.117
2178 2179 30.768
2178 2177 37.117
2179 2180 7.311
2179 2178 30.768
2180 2181 6.062
2180 2179 7.311
2181 2182 7.974
2181 2180 6.062
2182 2183 9.765
2182 2181 7.974
2183 909 20.461
2183 2182 9.765
2184 2185 68.554
2185 918 250.294
2185 2177 58.747
2185 2184 68.554
